Nombre,Apellido,Edad,email,Pais,Codigo Postal,Color favorito,Genero,Telefono,Direccion
Friedrick,Stanier,34,fstanier0@state.tx.us,Indonesia,,naranja,Male,149-990-8540,28793 Annamark Avenue
Leonore,Borgars,82,lborgars1@netlog.com,Madagascar,,blanco,Female,272-808-0219,0 La Follette Avenue
Virgie,Willingale,27,vwillingale2@wp.com,Philippines,9507,gris,Agender,403-187-7106,5431 Division Lane
Herschel,Kropp,33,hkropp3@google.com.au,United States,29220,morado,Male,803-608-8899,63 Anniversary Avenue
Roddie,Swateridge,68,rswateridge4@soup.io,China,,morado,Polygender,883-496-5016,9296 Fordem Crossing
Anderson,Spurrier,65,aspurrier5@rakuten.co.jp,Peru,,verde,Male,976-478-5009,2 Montana Place
Michaeline,Preston,70,mpreston6@loc.gov,China,,morado,Female,220-610-1996,828 Corry Plaza
Charleen,Somers,50,csomers7@cisco.com,New Zealand,2246,amarillo,Female,430-165-6932,588 Fairfield Way
Shellie,Reddihough,43,sreddihough8@narod.ru,Russia,347180,naranja,Female,695-292-7908,466 Merry Lane
Yelena,Lawles,55,ylawles9@dagondesign.com,Yemen,,rosa,Female,973-531-8344,30307 Esker Park
Ronald,Turland,67,rturlanda@arstechnica.com,Indonesia,,rojo,Male,863-732-1386,7378 Grover Alley
Nike,Cecely,41,ncecelyb@acquirethisname.com,Russia,238758,azul,Female,271-923-2397,3575 Brentwood Drive
Luke,Casol,39,lcasolc@apache.org,China,,azul,Male,100-785-8243,3142 Cherokee Junction
Celka,Dabels,47,cdabelsd@4shared.com,Russia,633216,verde,Female,583-123-8306,0295 Truax Park
Hodge,Spalton,46,hspaltone@buzzfeed.com,Peru,,rosa,Male,582-342-2260,1560 Mcguire Alley
Benjie,Como,48,bcomof@google.es,Indonesia,,verde,Male,582-926-5734,981 Memorial Plaza
Patten,Boutcher,31,pboutcherg@istockphoto.com,Cambodia,,rojo,Male,254-113-5227,25 Hanover Way
Rosa,Montez,28,rmontezh@skyrock.com,France,53022 CEDEX 9,azul,Female,607-923-9839,7 Linden Lane
Rosanne,Reddlesden,80,rreddlesdeni@fda.gov,Poland,44-290,blanco,Female,420-920-6375,14 Schurz Place
Dixie,Sharvill,45,dsharvillj@abc.net.au,Saudi Arabia,,gris,Female,599-651-9311,54097 Jay Place
Verna,Mustoo,61,vmustook@businessinsider.com,China,,azul,Female,157-199-0452,2 Forest Dale Alley
Gladys,Reyes,45,greyesl@berkeley.edu,Yemen,,morado,Agender,537-116-2298,142 Schiller Way
Aldo,Mullarkey,53,amullarkeym@auda.org.au,Indonesia,,verde,Male,874-942-5206,82879 Burrows Avenue
Pamelina,Weigh,62,pweighn@smugmug.com,Peru,,azul,Female,332-334-1057,419 Browning Lane
Phillis,Blampey,65,pblampeyo@1688.com,United States,80638,naranja,Female,970-699-4022,7734 Towne Court
Yancy,Bradbeer,51,ybradbeerp@google.ca,Democratic Republic of the Congo,,rojo,Male,907-953-2979,0 Hintze Alley
Ezri,Sowersby,62,esowersbyq@cdbaby.com,Portugal,3630-354,naranja,Male,175-446-8790,98 Welch Crossing
Bryanty,Wetherburn,20,bwetherburnr@tinypic.com,China,,rojo,Male,104-546-5033,33 Eagan Avenue
Jade,Dommett,60,jdommetts@omniture.com,Vietnam,,morado,Female,979-517-1047,89178 Mcbride Trail
Alexio,Tezure,75,atezuret@princeton.edu,Philippines,5505,verde,Male,786-188-8787,55 Lawn Point
Sonja,Jennison,29,sjennisonu@ihg.com,Mexico,92905,morado,Female,549-185-7733,973 Westport Place
Martie,Binstead,81,mbinsteadv@myspace.com,Ethiopia,,negro,Female,792-397-3843,699 Bowman Place
Danit,Monard,51,dmonardw@geocities.com,Gambia,,negro,Female,678-815-7597,991 Kensington Terrace
Bobby,Gamet,68,bgametx@wufoo.com,Philippines,8715,blanco,Female,199-669-0556,708 Texas Court
Allyson,Cattonnet,62,acattonnety@delicious.com,Yemen,,gris,Female,684-768-2232,907 Dapin Park
Darius,Birrane,44,dbirranez@google.com.hk,Poland,27-300,morado,Male,237-807-6072,029 Lindbergh Lane
Helga,Billiard,72,hbilliard10@wiley.com,Poland,83-220,gris,Female,701-307-9584,6 Prairieview Way
Seumas,Elves,67,selves11@wordpress.org,Madagascar,,morado,Male,399-289-2146,5345 Golf Way
Somerset,Beardsdale,42,sbeardsdale12@columbia.edu,United States,08695,morado,Male,609-848-9618,17 3rd Hill
Gwenny,Kettlestringe,30,gkettlestringe13@exblog.jp,China,,verde,Female,629-881-7017,4 Hollow Ridge Pass
Sib,Gaydon,39,sgaydon14@delicious.com,Philippines,5005,rojo,Female,953-871-2298,38 Thompson Junction
Garey,Islip,70,gislip15@123-reg.co.uk,China,,amarillo,Male,936-414-0880,76357 John Wall Junction
Alanah,Whittlesey,38,awhittlesey16@answers.com,Yemen,,negro,Female,353-837-2721,1 Muir Terrace
William,Treadgall,61,wtreadgall17@vimeo.com,Russia,403159,azul,Male,465-717-7015,4874 Hermina Plaza
Corie,Wakelin,67,cwakelin18@shop-pro.jp,Indonesia,,azul,Female,899-445-8542,4 Tomscot Place
Randy,McEvoy,29,rmcevoy19@elegantthemes.com,China,,blanco,Female,996-575-8276,746 Dahle Junction
Oralee,Scupham,57,oscupham1a@google.cn,Vietnam,,morado,Female,611-626-0421,9 Paget Court
Nevin,Spritt,83,nspritt1b@utexas.edu,China,,rosa,Male,961-566-7673,6282 Golden Leaf Avenue
Felicia,Housecroft,64,fhousecroft1c@jiathis.com,United States,06816,azul,Female,203-964-7455,340 Tennyson Trail
Dorthea,Laneham,42,dlaneham1d@nba.com,Sudan,,blanco,Female,305-967-3936,901 Delaware Way
Staci,Hazle,39,shazle1e@aol.com,Poland,34-650,azul,Female,226-628-2520,155 Roxbury Place
Vinnie,Gallehock,37,vgallehock1f@macromedia.com,Uzbekistan,,negro,Male,931-896-0004,244 Doe Crossing Road
Kat,Coverlyn,71,kcoverlyn1g@fastcompany.com,Indonesia,,blanco,Female,185-395-7721,09170 Colorado Place
Ddene,Hart,51,dhart1h@phoca.cz,Brazil,19880-000,negro,Female,770-713-4523,1 Sunnyside Plaza
Cynthie,Oldacre,81,coldacre1i@e-recht24.de,Indonesia,,blanco,Female,996-464-5219,781 Mccormick Center
Gaylor,Loffel,82,gloffel1j@psu.edu,China,,negro,Male,670-424-1521,63 Kenwood Park
Zacherie,Curzey,36,zcurzey1k@wikimedia.org,France,91304 CEDEX,gris,Male,664-551-0430,2 Garrison Pass
Susanne,Arne,68,sarne1l@bbb.org,Ukraine,,rojo,Female,613-387-9158,36636 Sunbrook Avenue
Agna,Hardeman,24,ahardeman1m@xrea.com,Philippines,6216,blanco,Female,819-910-3876,37 Upham Court
Pauline,Pilkington,60,ppilkington1n@chicagotribune.com,Philippines,5005,azul,Female,305-313-7059,952 Moose Street
Raynell,Scotfurth,39,rscotfurth1o@virginia.edu,Indonesia,,verde,Female,941-697-2001,933 Menomonie Circle
Shane,Bursell,84,sbursell1p@elegantthemes.com,France,25035 CEDEX,negro,Male,959-883-0093,1 Blackbird Terrace
Harwell,Laker,53,hlaker1q@webmd.com,Colombia,232059,azul,Male,771-906-0222,72374 Chinook Avenue
Avigdor,Girardeau,81,agirardeau1r@sourceforge.net,China,,amarillo,Male,155-604-1661,723 Donald Court
Annadiane,Scupham,44,ascupham1s@dyndns.org,Syria,,amarillo,Female,291-335-9302,70 Quincy Drive
Emmalyn,Lacaze,83,elacaze1t@house.gov,France,35704 CEDEX 7,negro,Female,239-392-8405,76 Esker Street
Perry,Jovicic,80,pjovicic1u@tamu.edu,China,,rojo,Male,369-140-2851,141 Morrow Street
Antony,Tenbrug,28,atenbrug1v@facebook.com,Portugal,4810-845,azul,Male,371-641-6669,709 Holmberg Street
Kalvin,Aslin,24,kaslin1w@canalblog.com,Thailand,14000,blanco,Non-binary,608-661-1271,2411 Weeping Birch Court
Eba,Chesley,55,echesley1x@clickbank.net,Thailand,53120,morado,Female,256-559-2920,39305 Wayridge Alley
Sib,Beneyto,77,sbeneyto1y@seattletimes.com,China,,gris,Female,836-541-8457,146 Division Alley
Mic,Saleway,44,msaleway1z@bbb.org,Morocco,,negro,Male,180-101-6627,1090 Butternut Circle
Peta,Stonner,74,pstonner20@biglobe.ne.jp,Portugal,9760-406,amarillo,Female,760-538-5945,24181 Weeping Birch Trail
Honey,Odo,38,hodo21@cdc.gov,Canada,J9P,gris,Female,333-202-4969,5041 Cherokee Road
Ulrike,MacAllester,50,umacallester22@youtube.com,Ecuador,,naranja,Genderfluid,395-552-3797,99 Burrows Place
Gilbertina,Kopacek,70,gkopacek23@furl.net,Argentina,4726,azul,Female,462-273-3067,799 Columbus Drive
James,Storey,68,jstorey24@t-online.de,China,,azul,Male,703-630-9258,57738 East Way
Adriano,Sharphouse,69,asharphouse25@weibo.com,Thailand,58110,gris,Male,544-173-4968,4 Division Drive
Alford,Faley,62,afaley26@miibeian.gov.cn,Brazil,15290-000,naranja,Male,345-845-8652,54916 Marquette Court
Marcella,Stooders,70,mstooders27@flavors.me,China,,verde,Female,823-254-5247,1476 Hollow Ridge Way
Codie,Ingram,73,cingram28@typepad.com,Poland,21-065,amarillo,Agender,153-923-7225,8 Sachs Pass
Alphard,Costock,74,acostock29@globo.com,Burkina Faso,,verde,Male,214-782-1018,1 Bunker Hill Pass
Evaleen,D'Costa,83,edcosta2a@ucoz.com,France,69245 CEDEX 05,negro,Agender,557-482-3506,01228 Prairieview Park
Zsazsa,Wrassell,25,zwrassell2b@theguardian.com,Syria,,naranja,Female,588-838-9372,95796 Cascade Plaza
Cybil,Shoebridge,49,cshoebridge2c@clickbank.net,Bolivia,,blanco,Agender,518-601-7382,858 Bowman Crossing
Benedikt,Decent,73,bdecent2d@blogger.com,Burkina Faso,,morado,Male,779-716-7391,666 Weeping Birch Drive
Oran,Kiffin,59,okiffin2e@unc.edu,Greece,,rosa,Male,548-534-3738,8 Erie Way
Deeanne,Oldam,83,doldam2f@chicagotribune.com,Russia,357380,gris,Female,225-787-7677,8 Badeau Park
Johnath,Lindwall,42,jlindwall2g@oracle.com,Burkina Faso,,naranja,Non-binary,591-656-5361,85 Fuller Center
Rand,Ridges,32,rridges2h@squarespace.com,Guatemala,11006,morado,Male,157-816-5880,388 Hintze Court
Ailis,Debow,79,adebow2i@odnoklassniki.ru,Indonesia,,blanco,Female,355-276-2944,92 Transport Avenue
Moshe,Corss,42,mcorss2j@wikimedia.org,China,,negro,Male,387-236-9467,718 Center Pass
Phebe,Bilverstone,50,pbilverstone2k@businessinsider.com,Philippines,9021,naranja,Female,133-430-0646,71 Beilfuss Street
Bart,Hurring,41,bhurring2l@diigo.com,Indonesia,,blanco,Male,333-163-1150,971 Clarendon Road
Karola,Woolveridge,55,kwoolveridge2m@delicious.com,Nepal,,azul,Female,625-884-4274,93 Onsgard Lane
Zondra,Covendon,51,zcovendon2n@alibaba.com,China,,gris,Bigender,327-167-7113,986 Canary Point
Nina,Heatley,73,nheatley2o@squarespace.com,Indonesia,,rojo,Female,787-715-5917,67567 Dapin Circle
Land,Spiller,24,lspiller2p@eepurl.com,Brazil,68540-000,gris,Male,959-997-2399,496 Jay Place
Biron,Hune,78,bhune2q@wisc.edu,Portugal,2665-189,amarillo,Male,522-462-0124,255 Sutherland Drive
Rebecca,Seakes,51,rseakes2r@studiopress.com,China,,morado,Female,569-932-1123,0028 Westport Alley
Agnese,Elderton,35,aelderton2s@chronoengine.com,South Africa,0390,gris,Female,681-212-9202,5 Buhler Avenue
Coral,Tester,84,ctester2t@unesco.org,Thailand,30280,morado,Female,107-525-3975,401 Dixon Center
Gladi,Gullan,47,ggullan2u@webnode.com,Micronesia,,morado,Female,558-111-2870,5 Moulton Avenue
Tandi,Garnsworthy,32,tgarnsworthy2v@sogou.com,Jordan,,morado,Female,592-308-6846,84650 Kenwood Trail
Giorgio,Coulter,55,gcoulter2w@dyndns.org,Portugal,8650-409,rojo,Male,265-288-3257,44 Victoria Drive
Karon,Effaunt,82,keffaunt2x@cloudflare.com,Portugal,4605-491,verde,Female,254-132-5357,05204 Randy Alley
Niall,Fernao,42,nfernao2y@tamu.edu,Colombia,191529,verde,Male,557-462-1038,517 Goodland Crossing
Jacques,Buessen,56,jbuessen2z@dell.com,Ukraine,,verde,Male,400-554-3619,02087 Mcbride Point
Maddy,Pandie,21,mpandie30@cdbaby.com,China,,rosa,Genderfluid,254-432-1209,20 Cherokee Place
Rosina,Zavattieri,77,rzavattieri31@opera.com,China,,naranja,Female,368-531-6640,0 Lakeland Pass
Desiree,Pheasey,75,dpheasey32@dot.gov,China,,rosa,Female,855-960-7762,0 Victoria Place
Eduino,Lafflin,56,elafflin33@hao123.com,Philippines,3008,naranja,Male,521-675-9516,5 Bartelt Place
Sigismond,Guinn,18,sguinn34@google.it,Togo,,amarillo,Male,192-344-9374,135 Blue Bill Park Way
Rayner,Todarello,64,rtodarello35@mayoclinic.com,Indonesia,,amarillo,Male,326-457-0880,04063 Spaight Court
Ernaline,Nussgen,75,enussgen36@weebly.com,Finland,26820,negro,Female,696-949-0376,3765 Rowland Court
Aveline,Denne,22,adenne37@homestead.com,Ethiopia,,morado,Female,397-260-0498,2582 Menomonie Trail
Mikkel,Reijmers,43,mreijmers38@weibo.com,Indonesia,,morado,Male,636-369-8239,5357 Pierstorff Point
Joel,Pullar,26,jpullar39@barnesandnoble.com,Russia,352364,amarillo,Genderfluid,564-111-0682,3568 Pennsylvania Circle
Ruddy,Woodes,62,rwoodes3a@reuters.com,Indonesia,,blanco,Male,444-934-4867,08654 Golf Course Drive
Renault,Mateiko,82,rmateiko3b@sakura.ne.jp,Iran,,verde,Male,157-200-1814,9 Northwestern Trail
Dall,Order,59,dorder3c@huffingtonpost.com,Czech Republic,384 51,verde,Male,969-723-3454,53612 Fairview Place
Waylon,Chatainier,46,wchatainier3d@theatlantic.com,Colombia,205018,negro,Male,790-879-6068,0806 Melody Avenue
Nannette,Dever,43,ndever3e@google.cn,Russia,242456,rojo,Female,131-966-4351,60508 Debra Drive
Alfie,Stokes,83,astokes3f@chicagotribune.com,Indonesia,,gris,Polygender,803-554-9296,66142 Reindahl Avenue
Vlad,Turville,75,vturville3g@sakura.ne.jp,Japan,969-1513,rosa,Male,489-620-2374,53 Mifflin Pass
Rufus,Petters,67,rpetters3h@posterous.com,China,,blanco,Male,283-805-9009,3903 Briar Crest Trail
Myrle,Verney,45,mverney3i@creativecommons.org,Indonesia,,negro,Female,314-981-0953,8925 Commercial Drive
Ursala,O'Gorman,76,uogorman3j@telegraph.co.uk,Greece,,verde,Female,527-183-4589,058 Mifflin Court
Sergei,Lowings,46,slowings3k@indiatimes.com,Indonesia,,verde,Male,600-932-4008,40631 Brentwood Place
Anestassia,Dahlgren,49,adahlgren3l@independent.co.uk,Indonesia,,naranja,Female,819-439-2529,07638 Armistice Hill
Kellen,Gerrens,19,kgerrens3m@mozilla.com,Mongolia,,rojo,Female,739-433-8337,3 Merrick Crossing
Jessika,Zeplin,82,jzeplin3n@dyndns.org,Mauritius,,morado,Female,158-546-4268,79 Farwell Alley
Zea,Lanon,42,zlanon3o@adobe.com,East Timor,,blanco,Female,635-179-2031,8716 Judy Center
Marilyn,Bouzan,84,mbouzan3p@vkontakte.ru,Russia,652660,negro,Female,107-759-5936,2 Butternut Plaza
Montgomery,Tansey,49,mtansey3q@phoca.cz,Portugal,3780-115,morado,Male,884-589-2097,6367 Duke Court
Robinet,Ceaser,68,rceaser3r@etsy.com,Brazil,63610-000,morado,Female,289-557-9744,43656 Stang Court
Rube,Colt,46,rcolt3s@csmonitor.com,Vietnam,,blanco,Male,412-341-2160,024 Sunnyside Center
Friedrich,Rudinger,53,frudinger3t@webs.com,Japan,816-0097,naranja,Male,437-214-9069,7590 Harper Park
Lauralee,Strange,68,lstrange3u@theatlantic.com,Indonesia,,negro,Female,171-916-3216,0278 Fremont Crossing
Orazio,Snedden,46,osnedden3v@admin.ch,Poland,34-442,naranja,Male,373-761-5645,566 Hansons Avenue
Jeff,Butterfield,40,jbutterfield3w@freewebs.com,Russia,303842,morado,Male,984-992-1890,784 Comanche Pass
Orland,Ansett,81,oansett3x@qq.com,Bolivia,,verde,Male,229-323-1810,456 Hallows Circle
Kellina,Campbell-Dunlop,67,kcampbelldunlop3y@purevolume.com,Indonesia,,negro,Female,694-253-3335,8448 Kipling Terrace
Doreen,McCanny,59,dmccanny3z@networksolutions.com,China,,negro,Female,598-217-1596,5652 Sunnyside Parkway
Roberta,Bletcher,38,rbletcher40@w3.org,Russia,641730,verde,Bigender,573-116-0833,6204 Thackeray Plaza
Meyer,Tribell,75,mtribell41@comsenz.com,Japan,311-2424,azul,Male,736-671-9036,3 Kings Plaza
Wanids,Roscow,19,wroscow42@yahoo.com,Russia,184358,rosa,Female,680-713-4654,992 Golf View Road
Erroll,Capener,50,ecapener43@e-recht24.de,Brazil,76310-000,morado,Male,867-236-5520,5115 Schlimgen Plaza
Dewitt,McCreagh,72,dmccreagh44@wunderground.com,Sweden,127 86,verde,Male,568-887-3560,198 Dawn Road
Mikol,Ladon,83,mladon45@blogger.com,China,,rojo,Male,845-376-8139,5 Talmadge Trail
Wildon,Simonard,62,wsimonard46@netscape.com,Canada,N2M,blanco,Male,337-305-5194,51 Bartillon Circle
Nikolaos,Kidsley,79,nkidsley47@vimeo.com,Burkina Faso,,rosa,Male,328-222-6298,84547 Rusk Road
Chrissie,Toffts,27,ctoffts48@aol.com,Portugal,2425-702,morado,Male,552-592-3096,2411 Colorado Alley
Wynny,Donke,42,wdonke49@phoca.cz,China,,naranja,Non-binary,175-834-1254,15841 Del Mar Crossing
Dania,Bassam,29,dbassam4a@pen.io,Philippines,7010,rosa,Female,604-813-3505,1 Hudson Court
Mara,Krolik,35,mkrolik4b@ask.com,Indonesia,,rojo,Female,153-736-4919,989 American Ash Place
Archambault,Mathou,67,amathou4c@webmd.com,Greece,,rosa,Male,808-256-5387,728 Scofield Alley
Boigie,Gerardeaux,38,bgerardeaux4d@sciencedaily.com,Israel,,rojo,Male,748-236-4214,564 Stuart Center
Masha,Abbotson,79,mabbotson4e@edublogs.org,Russia,186806,azul,Female,947-777-9412,99610 Lotheville Place
Georgette,Gledstane,84,ggledstane4f@omniture.com,Peru,,azul,Female,838-898-3138,89169 Main Place
Colin,Whenman,79,cwhenman4g@bizjournals.com,France,38219 CEDEX,naranja,Male,671-102-7684,819 Russell Lane
Nevile,Elder,61,nelder4h@phoca.cz,China,,amarillo,Male,934-648-9764,70204 Hanson Center
Lanie,Le Floch,56,llefloch4i@domainmarket.com,China,,verde,Male,793-497-5755,5 Bultman Hill
My,Twelvetree,71,mtwelvetree4j@over-blog.com,Philippines,7036,rosa,Male,971-145-8143,2 Dennis Center
Thane,Cardow,24,tcardow4k@geocities.jp,Russia,394075,azul,Genderfluid,441-685-6029,08 Glendale Lane
Kirsteni,Gammack,58,kgammack4l@who.int,Indonesia,,azul,Female,687-855-7286,6481 Crowley Park
Alonso,Fellgatt,47,afellgatt4m@zdnet.com,France,13192 CEDEX 20,azul,Male,441-537-2731,8544 Anzinger Lane
Vivyanne,Dwight,65,vdwight4n@imgur.com,Mexico,61663,rosa,Female,251-382-5086,0 Crescent Oaks Place
Millicent,Backhurst,29,mbackhurst4o@house.gov,Marshall Islands,96960,rojo,Female,797-572-5373,8 Nelson Point
Boigie,Brouwer,38,bbrouwer4p@livejournal.com,Russia,646575,verde,Male,935-196-2342,4 Crownhardt Place
Faber,Wilkin,43,fwilkin4q@bing.com,China,,rosa,Male,894-666-1297,0 Truax Trail
Westbrooke,Tooley,35,wtooley4r@ebay.co.uk,China,,gris,Male,676-343-1728,2 Graedel Parkway
Selena,Grayson,57,sgrayson4s@cnet.com,Libya,,blanco,Genderfluid,104-153-0294,748 Thompson Plaza
Christa,Huygens,62,chuygens4t@arstechnica.com,Canada,J0J,rojo,Female,987-652-3347,752 Elmside Way
Delbert,MacTrustam,81,dmactrustam4u@e-recht24.de,Brazil,36420-000,naranja,Male,799-426-2987,1087 Anderson Place
Prescott,Hawse,65,phawse4v@mail.ru,Indonesia,,verde,Male,356-280-6087,6976 Donald Lane
Samuele,Mulloch,28,smulloch4w@utexas.edu,Indonesia,,naranja,Male,874-400-0528,54 Derek Pass
Ninetta,Lenoir,40,nlenoir4x@mozilla.com,Russia,618340,morado,Female,841-801-2571,01 School Place
Dorothee,Pendrey,57,dpendrey4y@howstuffworks.com,Mozambique,,verde,Female,220-708-3189,191 Jackson Crossing
Arly,Labet,42,alabet4z@blinklist.com,Ukraine,,rosa,Female,290-613-4028,4 Roth Lane
Cecil,Ravenhills,64,cravenhills50@nyu.edu,Rwanda,,gris,Male,485-615-3178,1949 Lakewood Gardens Road
Druci,Odhams,72,dodhams51@studiopress.com,Ethiopia,,morado,Genderqueer,579-870-9706,73 Waxwing Pass
Harmon,Claasen,76,hclaasen52@naver.com,Indonesia,,negro,Genderqueer,538-656-2551,420 Kensington Plaza
Mufinella,Valance,77,mvalance53@icq.com,China,,amarillo,Female,729-713-1970,7 Butternut Parkway
Waite,Treske,69,wtreske54@comsenz.com,Philippines,6822,morado,Male,109-781-5871,50320 Graedel Plaza
Bernadene,Alaway,24,balaway55@google.it,Paraguay,,rosa,Female,182-211-6494,88710 Doe Crossing Court
Hollyanne,Frondt,74,hfrondt56@furl.net,China,,blanco,Female,138-290-5638,25492 Spaight Lane
Kevin,Gegg,70,kgegg57@bbb.org,China,,azul,Male,637-596-2929,83275 Utah Way
Maximilian,Valenti,73,mvalenti58@dmoz.org,Vietnam,,rojo,Male,138-240-9584,94 Westerfield Drive
Melina,Micheu,30,mmicheu59@imageshack.us,China,,blanco,Female,244-188-9603,18 Barnett Way
Deane,Gardiner,55,dgardiner5a@techcrunch.com,Russia,446533,rojo,Non-binary,183-985-3673,89315 Heath Place
Genevra,Stratford,83,gstratford5b@walmart.com,Canada,N5H,blanco,Female,399-709-1754,2 Bayside Trail
Estell,Thornewill,67,ethornewill5c@cocolog-nifty.com,France,91104 CEDEX,negro,Female,948-707-9993,1850 Cordelia Lane
Mufinella,Ogan,20,mogan5d@usda.gov,Peru,,negro,Female,324-244-6423,8 Stang Park
Vito,Cinnamond,71,vcinnamond5e@un.org,Czech Republic,417 71,azul,Male,889-798-3876,4774 Evergreen Way
Ronnie,Klimecki,48,rklimecki5f@twitpic.com,China,,gris,Male,540-555-0407,0 Ridge Oak Point
Caldwell,Di Napoli,54,cdinapoli5g@slate.com,Yemen,,gris,Male,811-309-8426,30 Macpherson Court
Kandace,Durbin,32,kdurbin5h@home.pl,Dominican Republic,11807,negro,Female,681-603-3550,6 Killdeer Trail
Hadleigh,Rhymes,22,hrhymes5i@flickr.com,Indonesia,,azul,Male,535-547-4290,02 Browning Street
Greer,Deetlefs,78,gdeetlefs5j@china.com.cn,Greece,,verde,Female,327-137-8098,5493 Comanche Place
Alessandro,Armitt,81,aarmitt5k@smugmug.com,Russia,671331,gris,Male,712-108-5043,4 Darwin Parkway
Terrye,Bann,59,tbann5l@csmonitor.com,Philippines,4207,verde,Female,302-311-8352,3 Shasta Park
Erica,Allcorn,20,eallcorn5m@simplemachines.org,China,,rojo,Female,957-925-2235,0184 Mayer Parkway
Jodie,Lundie,48,jlundie5n@alexa.com,Ukraine,,verde,Male,184-729-3140,22 Lakewood Court
Yorker,Casaccio,26,ycasaccio5o@businessinsider.com,Portugal,3840-272,naranja,Male,260-745-0912,2 Pine View Place
Abbye,Cogdon,18,acogdon5p@redcross.org,Kazakhstan,,amarillo,Female,251-167-7421,62688 Mallard Avenue
Nico,Keppy,26,nkeppy5q@yahoo.co.jp,China,,amarillo,Male,350-478-7443,562 Forest Dale Pass
Maressa,Mableson,53,mmableson5r@google.cn,South Korea,,negro,Female,814-103-9653,2 Scott Terrace
Clayton,Pavlenko,83,cpavlenko5s@google.es,Japan,727-0203,azul,Male,510-238-3313,36196 Fuller Point
Kent,Buckbee,64,kbuckbee5t@bing.com,Russia,694062,blanco,Male,170-148-9297,24 Maryland Center
Reta,Fierro,70,rfierro5u@goo.gl,Colombia,252219,naranja,Female,964-910-6180,346 Oakridge Street
Lorita,Dungey,51,ldungey5v@hostgator.com,United States,67260,gris,Female,316-464-9909,727 Di Loreto Pass
Edeline,Lainge,75,elainge5w@1688.com,Spain,28015,gris,Female,702-906-6605,08360 Russell Park
Candy,Barnaclough,33,cbarnaclough5x@yandex.ru,United States,25705,amarillo,Female,304-239-5115,173 Riverside Alley
Alwyn,Durnall,43,adurnall5y@fda.gov,Canada,L7A,amarillo,Male,706-677-7958,0 Briar Crest Place
Forrest,Lafflin,71,flafflin5z@mysql.com,China,,gris,Male,168-500-0346,944 Fuller Court
Fianna,Provis,85,fprovis60@blogs.com,Brazil,76630-000,gris,Female,245-428-6405,2 South Lane
Arleyne,Shakeshaft,63,ashakeshaft61@businesswire.com,Indonesia,,amarillo,Female,139-285-3738,7 Spenser Trail
Blythe,Siflet,29,bsiflet62@yandex.ru,Russia,665259,morado,Polygender,783-262-6269,958 8th Junction
Padriac,Tofanelli,41,ptofanelli63@washington.edu,China,,negro,Male,406-298-6755,8 Hollow Ridge Point
Silas,Satterly,36,ssatterly64@spiegel.de,Brazil,15290-000,gris,Male,397-742-5725,73384 Clarendon Street
Celle,Toretta,58,ctoretta65@salon.com,China,,gris,Female,300-547-0905,7991 Lakeland Way
Dehlia,Ellcock,41,dellcock66@marriott.com,China,,morado,Female,208-430-7307,85 Walton Hill
Nonah,Angeau,73,nangeau67@ted.com,Japan,620-1445,negro,Female,818-788-9261,5691 Waubesa Court
Noella,Unworth,43,nunworth68@newyorker.com,Indonesia,,morado,Female,991-369-2759,15 Forest Run Way
Abagail,Mc Comb,31,amccomb69@goo.ne.jp,Tanzania,,rosa,Female,551-127-7072,56 Farmco Avenue
Avictor,Medendorp,84,amedendorp6a@csmonitor.com,Portugal,3515-729,verde,Male,437-453-8385,63 Columbus Drive
Sheffy,Allard,28,sallard6b@163.com,Mozambique,,blanco,Male,132-907-2011,146 Texas Point
Kelley,Weekes,68,kweekes6c@nyu.edu,France,79031 CEDEX 9,gris,Female,939-722-6961,2 Farmco Street
Gregoor,Wheelband,77,gwheelband6d@archive.org,Philippines,6407,verde,Male,453-320-8812,56520 Bartelt Parkway
Laurence,Harkins,83,lharkins6e@msn.com,Russia,385123,blanco,Male,322-559-5787,61 Manley Point
Shaine,Kenwell,45,skenwell6f@youku.com,Ecuador,,blanco,Male,275-152-2975,544 Florence Park
Zollie,Feathers,42,zfeathers6g@umich.edu,Peru,,azul,Male,734-733-9612,44 Sachs Alley
Torin,L'Hommee,64,tlhommee6h@devhub.com,Kazakhstan,,rosa,Male,530-657-9708,19693 Eliot Pass
Myrah,Piniur,59,mpiniur6i@flavors.me,Indonesia,,amarillo,Non-binary,178-176-8380,0 Crest Line Way
Bar,Howcroft,19,bhowcroft6j@si.edu,Poland,38-212,rosa,Male,314-308-4570,6350 Merchant Place
Willis,Salaman,31,wsalaman6k@jalbum.net,Portugal,4910-060,amarillo,Male,422-725-1409,062 Russell Place
Valentine,Heintzsch,71,vheintzsch6l@mozilla.com,Ukraine,,negro,Male,561-281-5359,2 Ramsey Hill
Willow,Drayson,36,wdrayson6m@seesaa.net,China,,gris,Female,883-517-3558,92220 Butternut Hill
Javier,Nobriga,31,jnobriga6n@usgs.gov,Japan,637-0404,morado,Non-binary,879-695-3002,25028 Hanover Parkway
Kyrstin,Elgy,35,kelgy6o@privacy.gov.au,Sweden,943 36,verde,Female,499-316-3389,52 Oak Valley Parkway
Fair,Ellingford,24,fellingford6p@noaa.gov,Indonesia,,gris,Male,543-641-5965,5247 Kensington Hill
Bink,Arboin,22,barboin6q@walmart.com,Brazil,35540-000,azul,Male,604-794-4004,3952 Morrow Avenue
Wilone,Toffanelli,80,wtoffanelli6r@eepurl.com,Thailand,30120,azul,Female,784-862-0365,009 Tomscot Crossing
Hettie,Eate,23,heate6s@si.edu,Venezuela,,rosa,Female,427-263-3012,14195 Warbler Hill
Betteann,Betchley,33,bbetchley6t@yahoo.com,China,,naranja,Genderfluid,634-499-2257,5549 Crowley Junction
Eleanor,Farny,26,efarny6u@squidoo.com,Argentina,4655,naranja,Female,123-456-4203,8 Burrows Street
Crissie,Guilloneau,51,cguilloneau6v@wufoo.com,Philippines,5021,azul,Female,944-978-0167,194 Blaine Trail
Hartwell,Guslon,68,hguslon6w@cpanel.net,Indonesia,,rosa,Male,645-983-8748,8 Lawn Circle
Sunny,McKane,65,smckane6x@biblegateway.com,Brazil,98700-000,amarillo,Female,872-476-6396,01341 Darwin Road
Arman,Coghill,40,acoghill6y@uol.com.br,China,,verde,Male,496-207-6749,6074 Bay Avenue
Robinetta,Keir,19,rkeir6z@linkedin.com,China,,amarillo,Female,498-888-0160,8 Lindbergh Hill
Bennie,Cleugher,41,bcleugher70@meetup.com,Sweden,614 94,blanco,Female,413-127-3105,12045 Swallow Road
Solly,Naton,33,snaton71@mail.ru,Honduras,,negro,Polygender,896-604-1105,8 Valley Edge Place
Lombard,Meah,84,lmeah72@adobe.com,China,,rojo,Male,959-395-0302,8 Springs Street
Odo,Andreasen,39,oandreasen73@chron.com,Poland,63-720,negro,Male,933-200-9563,44 Hollow Ridge Hill
Barbara,Noke,81,bnoke74@hatena.ne.jp,Uganda,,verde,Female,837-856-9632,1631 Upham Park
Sandye,Harradence,21,sharradence75@ft.com,China,,blanco,Female,374-553-8289,716 Magdeline Avenue
Kylila,Dinesen,20,kdinesen76@privacy.gov.au,Greece,,blanco,Female,260-780-7038,49522 Paget Crossing
Brand,Bootherstone,60,bbootherstone77@apache.org,Indonesia,,naranja,Male,705-641-9785,99304 Meadow Valley Drive
Carrol,Boast,45,cboast78@dot.gov,Spain,27294,naranja,Bigender,343-303-3841,02 Morrow Way
Ciro,Murcutt,63,cmurcutt79@baidu.com,Dominican Republic,11805,verde,Male,975-307-8069,6 Dawn Way
Marlyn,Korpal,27,mkorpal7a@hud.gov,Honduras,,azul,Female,523-541-7792,868 Comanche Hill
Amabel,Dockrey,71,adockrey7b@dagondesign.com,Philippines,9025,negro,Female,695-904-2792,825 Anniversary Lane
Pate,Bloore,31,pbloore7c@jugem.jp,Indonesia,,rosa,Male,535-763-7029,66602 1st Street
Townie,Wharram,39,twharram7d@lycos.com,United States,70116,blanco,Male,504-698-0213,8 Scoville Drive
Bing,Vokes,80,bvokes7e@amazon.co.jp,Philippines,8507,rojo,Agender,826-302-3737,4623 Barby Alley
Theodora,Jodrellec,18,tjodrellec7f@hhs.gov,Japan,985-0003,amarillo,Female,308-829-0920,04280 Dexter Trail
Billy,Kinneally,20,bkinneally7g@google.com.hk,France,84042 CEDEX 9,blanco,Male,749-454-1960,64694 Stoughton Point
Adrian,Bascomb,48,abascomb7h@fastcompany.com,Serbia,,negro,Male,839-442-5735,389 Barnett Trail
Avigdor,Restieaux,27,arestieaux7i@uiuc.edu,Bangladesh,8130,amarillo,Male,292-998-0256,45 Melby Parkway
Cecilio,Webby,21,cwebby7j@geocities.jp,China,,azul,Male,641-442-1425,694 Bashford Street
Barrett,Pengelly,34,bpengelly7k@mail.ru,Peru,,azul,Male,282-849-1886,493 Gina Hill
Berne,Baldassi,28,bbaldassi7l@princeton.edu,Portugal,4730-010,rojo,Male,430-138-6633,5 Portage Terrace
Sallee,Cracknall,60,scracknall7m@merriam-webster.com,South Africa,1396,blanco,Agender,629-907-0080,850 Graceland Circle
Brew,Daveley,76,bdaveley7n@ftc.gov,Dominican Republic,10109,amarillo,Male,826-684-4081,861 Knutson Circle
Lamont,Longden,26,llongden7o@sciencedaily.com,China,,verde,Male,128-963-2107,4 American Way
Tabor,Nelthorp,42,tnelthorp7p@privacy.gov.au,China,,gris,Male,685-264-0886,82951 Hoffman Plaza
Salomone,Mayoh,27,smayoh7q@blog.com,China,,negro,Male,899-266-9129,1167 Nobel Court
Carling,Appleby,63,cappleby7r@bloomberg.com,Nigeria,,negro,Male,507-481-8249,7 Shoshone Place
Xylina,Jeste,49,xjeste7s@geocities.com,Serbia,,negro,Genderqueer,558-875-8857,067 Aberg Trail
Tiffani,Marchi,62,tmarchi7t@webeden.co.uk,Indonesia,,blanco,Female,909-140-4838,405 Del Mar Hill
Ricoriki,Ratcliffe,27,rratcliffe7u@accuweather.com,Indonesia,,gris,Male,288-809-8132,0491 Golf Course Hill
Kailey,Pethybridge,39,kpethybridge7v@cnet.com,Indonesia,,rosa,Female,155-954-1478,6 Monterey Court
Suzann,Dudley,56,sdudley7w@google.nl,China,,verde,Non-binary,620-665-2622,16327 Sachs Hill
Laureen,Forrester,33,lforrester7x@ning.com,Indonesia,,blanco,Polygender,493-508-0084,6740 Merry Trail
Richmound,Bridgwood,69,rbridgwood7y@ask.com,Poland,05-203,gris,Male,358-754-7873,0263 Dennis Circle
Walther,Ellgood,85,wellgood7z@shop-pro.jp,Brazil,28890-000,rojo,Male,810-795-0891,00498 Hermina Court
Aurea,Levine,40,alevine80@globo.com,Portugal,4615-196,rosa,Female,358-192-4478,405 Fallview Circle
Estella,Saunton,37,esaunton81@drupal.org,Vietnam,,negro,Female,713-747-5117,1 Mallard Terrace
Angie,Stopper,47,astopper82@spotify.com,Russia,633160,negro,Male,237-455-0592,1135 Eagan Junction
Tansy,Greiswood,55,tgreiswood83@ycombinator.com,Japan,741-0062,blanco,Non-binary,152-600-8461,4 Straubel Parkway
Marsh,Amys,52,mamys84@cloudflare.com,Portugal,4745-358,azul,Male,768-375-5269,902 Mosinee Avenue
Casey,Wardell,29,cwardell85@si.edu,France,35538 CEDEX,negro,Female,403-412-8555,778 Esker Place
Knox,Pashbee,85,kpashbee86@reverbnation.com,Canada,L4E,verde,Agender,513-989-3704,925 Johnson Terrace
Clyve,Slatford,41,cslatford87@comcast.net,China,,rosa,Male,528-921-3825,814 Weeping Birch Park
Gavin,Pauluzzi,83,gpauluzzi88@va.gov,China,,gris,Male,705-306-3253,9991 Buena Vista Avenue
Jasper,Keepe,62,jkeepe89@cisco.com,Brazil,34800-000,verde,Male,436-967-8893,28 Graedel Avenue
Alvira,Latek,68,alatek8a@privacy.gov.au,Pakistan,52150,rojo,Female,141-581-1235,98882 Fallview Point
Dehlia,Bohike,54,dbohike8b@meetup.com,China,,rosa,Female,864-186-9110,37589 Doe Crossing Place
Lulu,Coudray,44,lcoudray8c@aol.com,China,,negro,Female,369-742-0808,603 Beilfuss Point
Farly,Mineghelli,51,fmineghelli8d@illinois.edu,Greece,,morado,Male,909-154-7141,73977 Eagle Crest Circle
Cathe,Gaggen,61,cgaggen8e@cbslocal.com,Nigeria,,negro,Female,126-132-7100,42210 Claremont Drive
Gilbertina,Aloshikin,19,galoshikin8f@wsj.com,Indonesia,,gris,Female,658-726-8524,40426 Warner Pass
Lamar,Palfreeman,84,lpalfreeman8g@deliciousdays.com,Thailand,40160,verde,Male,729-296-5715,97 Roxbury Road
Arty,Chesley,85,achesley8h@microsoft.com,China,,morado,Male,663-559-1926,130 Vidon Junction
Rosemaria,Middleweek,47,rmiddleweek8i@furl.net,Marshall Islands,96970,gris,Female,950-915-2862,35 Summer Ridge Plaza
Faulkner,Bryceson,25,fbryceson8j@icio.us,Portugal,4640-107,gris,Male,252-790-1111,9930 Bashford Crossing
Jamie,Fulle,35,jfulle8k@wiley.com,China,,naranja,Male,396-730-1424,23258 Texas Parkway
Lynnelle,Lloyds,21,llloyds8l@google.com.hk,Greece,,naranja,Female,221-647-3079,8 Arrowood Park
Otis,Elstow,28,oelstow8m@reuters.com,Japan,298-0025,morado,Male,974-435-4291,964 Larry Pass
Rossy,McKeady,44,rmckeady8n@feedburner.com,China,,negro,Male,882-981-5462,3368 Del Sol Crossing
Rodrick,Sinkings,54,rsinkings8o@privacy.gov.au,Thailand,10300,rosa,Male,858-250-8755,942 Westridge Court
Francesca,Child,83,fchild8p@indiatimes.com,Sweden,851 88,verde,Female,856-351-3203,089 Kings Junction
Ab,Swetland,42,aswetland8q@google.it,Poland,63-630,naranja,Male,757-962-7721,511 Maple Avenue
Norrie,Sleigh,65,nsleigh8r@goodreads.com,Philippines,6014,morado,Female,770-181-4477,1 Acker Park
Ruddie,Stout,21,rstout8s@msn.com,Slovenia,1234,verde,Male,613-106-0728,8889 Southridge Trail
Ky,Youthead,30,kyouthead8t@eventbrite.com,Indonesia,,blanco,Male,232-184-0638,3 Sullivan Road
Gabbie,Hamblyn,42,ghamblyn8u@hibu.com,Japan,929-0417,rosa,Male,483-855-2275,98803 Bluestem Pass
Karlee,Jain,25,kjain8v@state.gov,China,,rojo,Female,243-148-8766,0655 Thompson Court
Annis,Rappport,51,arappport8w@blogger.com,Bosnia and Herzegovina,,rojo,Female,637-336-5641,43 High Crossing Junction
Vale,Chesterton,22,vchesterton8x@princeton.edu,Nigeria,,azul,Female,984-633-8388,58 Sycamore Place
Annora,Deval,69,adeval8y@tumblr.com,China,,rosa,Female,236-635-9169,9030 Dixon Terrace
Joanie,Sitch,55,jsitch8z@acquirethisname.com,China,,gris,Female,153-753-6753,5021 South Pass
Brenden,Bennit,58,bbennit90@telegraph.co.uk,China,,gris,Male,316-574-5508,0313 Washington Pass
Marcellus,Ciccerale,72,mciccerale91@tumblr.com,Indonesia,,verde,Male,736-575-3746,4614 Sommers Drive
Myrtia,Horley,63,mhorley92@tuttocitta.it,Portugal,4640-107,morado,Female,678-785-9565,9 Maple Parkway
Bethanne,Lansbury,49,blansbury93@alibaba.com,Indonesia,,azul,Female,371-966-2648,333 Maryland Trail
Carita,Judron,24,cjudron94@epa.gov,Indonesia,,morado,Female,284-830-1983,6953 Eggendart Street
Kerry,Caplen,22,kcaplen95@eepurl.com,France,35047 CEDEX 9,verde,Male,420-777-0620,54 Service Hill
Correy,Horsfield,72,chorsfield96@nasa.gov,Portugal,6120-516,rosa,Male,740-417-2677,80 Graedel Park
Ronald,Kinchley,47,rkinchley97@disqus.com,Bulgaria,2049,amarillo,Male,967-223-8988,5249 Waubesa Way
Jeramie,Ethridge,65,jethridge98@typepad.com,China,,verde,Male,562-913-7373,71521 Clemons Avenue
Paton,Lowcock,83,plowcock99@quantcast.com,Honduras,,negro,Male,854-342-9799,88182 Chinook Street
Tamiko,Ruppeli,80,truppeli9a@ning.com,Poland,37-220,azul,Female,426-594-1714,3 Petterle Avenue
Hughie,Knott,66,hknott9b@goo.ne.jp,Poland,26-432,gris,Male,383-172-5720,64067 Crest Line Point
Grace,Oldnall,58,goldnall9c@statcounter.com,China,,blanco,Male,493-118-3012,83 3rd Alley
Neel,Feakins,26,nfeakins9d@bigcartel.com,Russia,171275,morado,Male,374-350-0838,71829 Kropf Place
Dalia,Joscelyn,26,djoscelyn9e@so-net.ne.jp,Brazil,13320-000,rojo,Female,398-706-7748,3407 American Ash Road
Cally,Stollwerk,60,cstollwerk9f@addthis.com,Poland,63-702,gris,Female,312-714-6085,3 Katie Lane
Joey,McGriffin,36,jmcgriffin9g@blogger.com,China,,blanco,Female,381-352-4579,58 Riverside Junction
Adel,Frail,61,afrail9h@boston.com,Panama,,azul,Female,622-112-3429,04739 Jay Road
Jessy,Halden,52,jhalden9i@ox.ac.uk,China,,amarillo,Female,339-457-7253,72 Larry Junction
Vasily,Stapford,41,vstapford9j@ifeng.com,China,,gris,Male,533-729-4969,68305 Dawn Hill
Angeline,Aronowicz,54,aaronowicz9k@cafepress.com,Kazakhstan,,morado,Female,430-360-8529,4560 Loeprich Center
Phedra,Oran,59,poran9l@reverbnation.com,Ukraine,,morado,Female,168-694-1002,5289 Crest Line Parkway
Omero,Kender,18,okender9m@kickstarter.com,Russia,613603,negro,Male,857-457-6882,6026 Portage Way
Beverley,Toffaloni,37,btoffaloni9n@pbs.org,Venezuela,,rojo,Female,649-444-5013,5 Lillian Circle
Arlee,Keig,37,akeig9o@trellian.com,Russia,422102,azul,Female,675-589-2991,668 Gulseth Park
Lewes,Feechum,43,lfeechum9p@bloomberg.com,China,,verde,Male,227-222-0567,44 Comanche Lane
Irving,Yurov,75,iyurov9q@com.com,Indonesia,,blanco,Male,746-484-6278,296 Raven Pass
Franky,Nials,19,fnials9r@washington.edu,United States,94089,rojo,Female,408-156-1594,1464 Ridgeway Place
Aguste,Cliss,41,acliss9s@washington.edu,Bermuda,,verde,Male,763-809-9585,01 Lake View Place
Nikki,Lober,34,nlober9t@quantcast.com,Czech Republic,735 81,rojo,Male,409-479-8392,00 Corscot Circle
Melisande,Bengtsen,24,mbengtsen9u@typepad.com,Poland,43-450,azul,Female,979-882-8230,2 4th Trail
Andra,Lewry,74,alewry9v@cbsnews.com,Denmark,1556,rosa,Female,237-667-2563,1989 Grayhawk Junction
Pierson,Jellis,56,pjellis9w@nationalgeographic.com,Philippines,4025,amarillo,Male,387-439-5999,7 Autumn Leaf Crossing
Bordy,Eddington,25,beddington9x@freewebs.com,Russia,413750,verde,Male,237-473-0222,5670 Vermont Lane
Marybelle,Quarrell,81,mquarrell9y@cam.ac.uk,China,,rojo,Genderqueer,385-529-1225,95 Canary Parkway
Lillis,Matas,41,lmatas9z@yahoo.com,Russia,352708,negro,Female,389-920-7745,98 Lyons Park
Hayley,Cobbold,21,hcobbolda0@fastcompany.com,Poland,55-070,rojo,Female,819-466-3794,0 Quincy Parkway
Feodor,Sacher,68,fsachera1@cbslocal.com,Indonesia,,rosa,Male,522-668-2611,82819 Red Cloud Center
Morley,Server,52,mservera2@meetup.com,Paraguay,,blanco,Male,217-955-9680,35 Waxwing Lane
Mollee,Gobel,73,mgobela3@youtu.be,China,,gris,Female,674-922-8262,2304 Vermont Parkway
Eleen,Levecque,50,elevecquea4@mozilla.org,Indonesia,,blanco,Bigender,257-994-2800,76326 Westerfield Way
Thomasa,Crannach,35,tcrannacha5@linkedin.com,Indonesia,,rojo,Female,900-210-3399,90923 Sherman Terrace
Jeanna,Giacopetti,84,jgiacopettia6@shop-pro.jp,Indonesia,,rojo,Female,734-885-2662,6 Messerschmidt Hill
Andie,Elgie,78,aelgiea7@naver.com,Philippines,6507,azul,Female,518-193-0267,4193 Pearson Hill
Gwennie,Yeowell,54,gyeowella8@cmu.edu,Russia,432980,morado,Female,611-339-4647,3 Hermina Lane
Randy,Bielfeldt,73,rbielfeldta9@dailymotion.com,China,,blanco,Male,841-471-0020,5744 Holmberg Street
Gian,Betke,42,gbetkeaa@skyrock.com,Indonesia,,blanco,Male,488-638-7231,757 Crest Line Street
Isabeau,Crotty,51,icrottyab@loc.gov,China,,azul,Female,233-900-7212,30249 Oneill Pass
Janina,Downer,25,jdownerac@infoseek.co.jp,Indonesia,,rojo,Female,500-500-3968,835 Graedel Center
Iggie,Ivanikhin,64,iivanikhinad@twitpic.com,United States,93584,rosa,Male,661-181-0795,99 Weeping Birch Circle
Kameko,Cornelius,70,kcorneliusae@blog.com,Nigeria,,rosa,Genderfluid,447-759-8339,56724 Loeprich Lane
Gabriel,Mingauld,63,gmingauldaf@csmonitor.com,Zambia,,verde,Male,430-867-0148,0482 Bultman Park
Lelah,Tille,69,ltilleag@nature.com,Poland,89-400,amarillo,Female,436-893-5847,89 Melrose Way
Emmett,Calderwood,25,ecalderwoodah@cornell.edu,China,,verde,Male,868-864-6327,21534 Holmberg Avenue
Lillian,Molnar,79,lmolnarai@bloglines.com,Colombia,686008,azul,Female,455-516-3647,5827 Packers Hill
Gwendolin,Polding,49,gpoldingaj@google.fr,Philippines,4511,rosa,Female,975-926-4183,127 Manufacturers Street
Alberto,Skerritt,53,askerrittak@sciencedaily.com,Russia,162810,amarillo,Male,164-798-8175,21716 Melby Avenue
Blane,Wetherby,49,bwetherbyal@netscape.com,Sweden,149 43,negro,Male,649-859-3315,85157 Thierer Terrace
Keane,Echallier,33,kechallieram@cloudflare.com,Czech Republic,687 10,gris,Male,220-629-0745,8333 Veith Road
Celina,Lathom,28,clathoman@cocolog-nifty.com,China,,blanco,Female,612-640-3468,06087 Arapahoe Hill
Marylinda,Bettleson,32,mbettlesonao@issuu.com,United States,45254,amarillo,Female,513-919-1460,06072 Fremont Terrace
Lu,Goade,29,lgoadeap@ocn.ne.jp,China,,amarillo,Female,186-228-4820,737 Waubesa Place
Cherise,Yurenin,42,cyureninaq@etsy.com,Dominica,,azul,Female,143-584-1210,9 Farmco Parkway
Alister,Oldham,66,aoldhamar@geocities.jp,Indonesia,,blanco,Male,106-395-0938,916 Farmco Drive
Illa,Shickle,68,ishickleas@mozilla.org,Germany,40225,rojo,Female,897-338-7638,7952 Kedzie Drive
Giorgi,Bugge,24,gbuggeat@state.tx.us,Armenia,,azul,Male,141-417-0474,930 Forest Dale Junction
Ulysses,Worsam,76,uworsamau@nbcnews.com,Ukraine,,verde,Male,355-785-7359,0 South Way
Shelagh,Liebmann,21,sliebmannav@sina.com.cn,Indonesia,,negro,Bigender,249-361-4965,9126 Mallory Trail
Alena,Tixier,45,atixieraw@tripod.com,Japan,729-0141,naranja,Female,573-842-6008,512 Maple Wood Avenue
Rusty,Maciaszek,18,rmaciaszekax@cam.ac.uk,Greece,,negro,Male,331-101-5886,309 Evergreen Center
Adlai,Rowledge,42,arowledgeay@bizjournals.com,China,,azul,Agender,248-472-5319,1 Morning Court
Hailee,Whithorn,50,hwhithornaz@mediafire.com,Brazil,87400-000,blanco,Female,381-624-3203,38076 Granby Alley
Ginelle,Middle,19,gmiddleb0@youku.com,Greece,,gris,Female,846-823-1616,59 Schmedeman Drive
Siusan,Cerie,48,scerieb1@odnoklassniki.ru,Hungary,1239,rosa,Female,816-621-0828,1929 Westridge Lane
Krissy,Olligan,78,kolliganb2@sphinn.com,China,,negro,Female,700-425-5915,7793 Mayfield Way
Randolph,Hacker,53,rhackerb3@posterous.com,Philippines,1104,morado,Male,187-849-6150,44492 Merchant Street
Gleda,Colquitt,61,gcolquittb4@free.fr,Iran,,verde,Female,446-175-2555,3052 Roxbury Alley
Kirstyn,Videneev,48,kvideneevb5@privacy.gov.au,France,80048 CEDEX 1,rojo,Female,515-240-9840,0873 Pond Terrace
Tuck,Perry,22,tperryb6@theatlantic.com,Mexico,41004,blanco,Male,406-978-0764,52 Clyde Gallagher Drive
Nancee,Bickers,38,nbickersb7@slate.com,Norway,0487,rosa,Female,514-717-8933,9759 Becker Pass
Asia,Grigsby,52,agrigsbyb8@forbes.com,China,,rojo,Female,832-423-3688,1 South Way
Bethany,Habbeshaw,25,bhabbeshawb9@e-recht24.de,Latvia,,azul,Female,960-330-0774,2821 Spenser Street
Del,Hodgen,24,dhodgenba@blogspot.com,Rwanda,,rosa,Male,917-819-8188,455 Melody Way
Packston,Sheryne,23,psherynebb@discuz.net,Greece,,gris,Male,953-639-5909,30 Green Hill
Marysa,Bonallick,56,mbonallickbc@techcrunch.com,Philippines,8301,rojo,Female,694-414-5992,42 Main Crossing
Rikki,Pierton,57,rpiertonbd@wordpress.org,United States,98405,blanco,Male,253-647-1292,22 Muir Junction
Eileen,Faircliffe,59,efaircliffebe@toplist.cz,China,,negro,Female,289-831-8949,0 Heath Park
Melisse,Cram,70,mcrambf@rakuten.co.jp,Argentina,7114,amarillo,Female,627-162-2533,32 Thompson Avenue
Garland,Bendik,57,gbendikbg@cam.ac.uk,Honduras,,verde,Female,173-618-1547,497 Calypso Parkway
Tamqrah,Coalburn,62,tcoalburnbh@bravesites.com,North Korea,,rosa,Female,453-294-1699,8830 Harbort Park
Mahala,McNair,39,mmcnairbi@reuters.com,China,,blanco,Female,196-837-7115,650 Loomis Hill
Mirabelle,Wasling,64,mwaslingbj@yale.edu,China,,blanco,Female,382-662-6886,8931 Jenna Terrace
Bethany,Wiles,36,bwilesbk@admin.ch,Croatia,21322,morado,Agender,284-362-5639,21623 Dahle Alley
Lionel,Cudworth,47,lcudworthbl@angelfire.com,China,,rosa,Male,546-629-4655,85601 Mccormick Place
Ashlen,Maven,24,amavenbm@mozilla.com,Czech Republic,592 14,rojo,Female,739-436-5429,40529 Messerschmidt Point
Kyle,Berni,55,kbernibn@discuz.net,Philippines,1060,naranja,Female,249-722-9015,35546 Steensland Hill
Eran,Grocutt,60,egrocuttbo@springer.com,Macedonia,1040,negro,Female,534-190-7736,06 Bluejay Crossing
Hubie,Joly,64,hjolybp@t.co,Philippines,5019,gris,Male,125-963-6364,9 Gateway Court
Kaleena,Muscroft,43,kmuscroftbq@google.nl,Italy,00185,azul,Non-binary,177-681-1146,484 Meadow Ridge Avenue
Karola,Skirven,24,kskirvenbr@seattletimes.com,Mexico,87330,gris,Female,603-948-7384,9864 Upham Street
Adora,Yapp,55,ayappbs@tinyurl.com,New Caledonia,98831,rosa,Female,710-861-8827,469 Ruskin Drive
Claiborne,Cominotti,30,ccominottibt@netlog.com,United States,28805,morado,Male,828-582-4589,90 Continental Avenue
Mendel,Lorenzini,49,mlorenzinibu@ibm.com,Belarus,,rosa,Male,942-395-9865,4792 Colorado Pass
Iver,Steart,80,isteartbv@eepurl.com,China,,rosa,Male,341-292-6959,2 Anhalt Terrace
Rocky,Comizzoli,49,rcomizzolibw@jimdo.com,Ukraine,,naranja,Male,336-348-5694,25 Hanson Lane
Lilyan,Zorzoni,26,lzorzonibx@google.com,Peru,,azul,Female,166-451-2678,81258 Independence Terrace
Shana,Josefsohn,34,sjosefsohnby@ustream.tv,China,,gris,Polygender,112-160-0743,95240 Blue Bill Park Terrace
Dugald,Holberry,73,dholberrybz@timesonline.co.uk,Guatemala,15006,rojo,Male,709-738-8511,683 Bunting Road
Anatola,Maylott,68,amaylottc0@wordpress.org,Nigeria,,amarillo,Female,566-926-9017,851 Rutledge Way
Timmie,Fylan,25,tfylanc1@ameblo.jp,Pakistan,79001,rosa,Female,195-388-3491,0627 Lillian Terrace
Marjorie,Seaward,70,mseawardc2@yolasite.com,Thailand,13190,amarillo,Female,258-255-2640,21384 Knutson Point
Winifred,Golsworthy,19,wgolsworthyc3@gizmodo.com,Malaysia,01540,amarillo,Female,512-400-4223,0793 Sommers Plaza
Devland,Paolucci,22,dpaoluccic4@163.com,Malaysia,05622,blanco,Male,337-860-6548,90909 Dryden Center
Rosaleen,Gambles,72,rgamblesc5@columbia.edu,Ecuador,,rojo,Female,587-993-3342,353 Mesta Alley
Odella,Woodford,23,owoodfordc6@umich.edu,Finland,95201,blanco,Female,759-766-6288,88681 Doe Crossing Avenue
Vite,Camocke,21,vcamockec7@businessinsider.com,Sweden,956 93,azul,Male,847-120-0938,8483 Waywood Road
Matty,Dugood,63,mdugoodc8@gmpg.org,Chile,,gris,Male,636-625-7655,6 Waubesa Parkway
Maiga,Hazeldene,83,mhazeldenec9@amazon.com,Czech Republic,696 47,blanco,Female,215-480-3658,1 Farmco Lane
Elfrida,Nawton,41,enawtonca@pen.io,Nigeria,,negro,Female,496-226-0012,9 Superior Crossing
Allen,Pask,44,apaskcb@miitbeian.gov.cn,Russia,663974,blanco,Male,382-965-1846,52 Michigan Avenue
Luther,Ryhorovich,56,lryhorovichcc@discovery.com,Reunion,97404 CEDEX,azul,Male,803-316-9984,4 Dahle Drive
Teodor,Boone,54,tboonecd@ycombinator.com,Colombia,760050,rosa,Male,696-733-0544,60 Hazelcrest Circle
Kristoffer,Gigg,50,kgiggce@vistaprint.com,China,,blanco,Male,292-669-0119,23824 Nelson Terrace
Dionne,Klas,72,dklascf@nih.gov,Japan,350-1213,rosa,Polygender,141-298-8208,51 Crowley Junction
Craggie,Pietron,53,cpietroncg@issuu.com,Nigeria,,rosa,Male,425-547-8376,54 Sugar Place
Lotte,Walak,57,lwalakch@linkedin.com,Colombia,443049,negro,Female,132-338-4402,50 Valley Edge Lane
Isaac,Thurbon,77,ithurbonci@meetup.com,Canada,V4C,verde,Male,915-649-0743,1 Springview Park
Stacia,Escofier,21,sescofiercj@va.gov,Russia,366304,blanco,Agender,216-962-9004,206 Fisk Point
Filide,Priestnall,35,fpriestnallck@digg.com,France,06009 CEDEX 1,naranja,Female,154-343-2032,96 Nelson Road
Shayla,Richemond,81,srichemondcl@qq.com,United States,18505,rosa,Female,570-699-9075,526 Mcbride Place
Christy,Shelliday,69,cshellidaycm@yandex.ru,United States,06183,naranja,Female,860-455-5759,73 Anniversary Hill
Krishnah,Penk,65,kpenkcn@comcast.net,Indonesia,,rojo,Male,333-633-1261,02 Comanche Trail
Angelica,Broadist,34,abroadistco@goo.ne.jp,China,,gris,Bigender,122-551-7811,3 Michigan Point
Gareth,O'Fogarty,71,gofogartycp@wikipedia.org,France,92974 CEDEX,morado,Bigender,239-199-4462,37 Bobwhite Drive
Rad,Burgisi,60,rburgisicq@pinterest.com,France,35903 CEDEX 9,verde,Male,892-981-2617,86018 Becker Road
Ellissa,Lambart,52,elambartcr@smh.com.au,China,,morado,Female,987-875-2580,2 Cascade Park
Harwell,Frazer,52,hfrazercs@multiply.com,Portugal,6050-107,morado,Male,816-499-7984,84 Kipling Place
Alexandre,Stayt,82,astaytct@studiopress.com,Japan,479-0871,gris,Male,394-630-9711,7860 Fair Oaks Lane
Arlene,Bahike,68,abahikecu@google.it,Ukraine,,gris,Female,506-693-3628,90324 Rowland Trail
Viv,Filyukov,40,vfilyukovcv@amazon.co.jp,Greece,,verde,Female,964-891-0973,540 Springview Park
Sara-ann,Swinn,42,sswinncw@freewebs.com,Uganda,,verde,Female,723-367-9503,0 Raven Way
Elise,Eddies,83,eeddiescx@springer.com,China,,rosa,Female,549-229-1072,88159 Dapin Place
Hy,Salvage,49,hsalvagecy@liveinternet.ru,Brazil,88780-000,blanco,Male,402-632-4192,1 Butternut Circle
Salomone,Gulland,36,sgullandcz@sciencedirect.com,Indonesia,,rosa,Male,337-491-0203,3 Saint Paul Terrace
Harlin,Janout,84,hjanoutd0@wikipedia.org,Morocco,,verde,Male,712-711-2562,98 Loftsgordon Park
Barron,Deshon,67,bdeshond1@comcast.net,United States,63180,blanco,Male,314-594-6022,92606 Emmet Crossing
Marris,Thorsen,52,mthorsend2@independent.co.uk,Estonia,,negro,Female,238-959-9067,5783 Jenifer Plaza
Ainsley,Harverson,65,aharversond3@myspace.com,Sweden,404 32,naranja,Female,711-102-7909,936 Arkansas Lane
Milli,Esherwood,39,mesherwoodd4@hibu.com,China,,negro,Female,121-231-3227,6 Acker Plaza
Rosemary,Swaisland,48,rswaislandd5@imdb.com,Colombia,684517,blanco,Female,822-231-2096,67 Laurel Court
Marrissa,MacGillivrie,54,mmacgillivried6@shutterfly.com,Russia,652930,blanco,Female,588-798-4385,1 Lerdahl Circle
Vitoria,Rolf,74,vrolfd7@walmart.com,China,,morado,Female,550-109-6731,450 Crescent Oaks Hill
Dean,Swendell,66,dswendelld8@dion.ne.jp,Nigeria,,rosa,Male,397-617-9399,5 4th Terrace
Findlay,Baum,43,fbaumd9@toplist.cz,Poland,36-042,verde,Male,186-325-7598,84 Hudson Avenue
Stella,Falk,33,sfalkda@bloomberg.com,Russia,430910,rojo,Female,503-892-1142,72116 Morrow Street
Lorine,Townsley,33,ltownsleydb@examiner.com,Central African Republic,,rosa,Female,636-175-7514,16907 Old Gate Center
Courtney,Hail,51,chaildc@auda.org.au,Russia,249039,rojo,Male,475-678-0894,90 Russell Place
Fara,McKiddin,74,fmckiddindd@imageshack.us,Czech Republic,407 47,rosa,Female,772-297-0918,00869 Lukken Lane
Reynolds,Purvess,43,rpurvessde@1und1.de,Chad,,gris,Male,701-925-7859,2201 Lotheville Drive
Donny,Hutton,70,dhuttondf@hexun.com,France,92959 CEDEX,azul,Female,511-892-4142,21605 Lake View Point
Geralda,Wooller,83,gwoollerdg@amazon.co.uk,Philippines,5211,rosa,Female,204-110-2520,5331 Westerfield Crossing
Hildy,Duffin,19,hduffindh@google.de,China,,rosa,Female,910-116-3820,6 Texas Terrace
Christi,MacGilrewy,35,cmacgilrewydi@so-net.ne.jp,Brazil,37130-000,blanco,Female,694-331-8496,41 Ronald Regan Center
Tessi,Trehearn,38,ttrehearndj@cornell.edu,Czech Republic,783 16,morado,Female,653-663-6388,858 Jay Park
Barty,Goldston,28,bgoldstondk@salon.com,Mexico,47216,rosa,Male,850-613-6364,08 Vahlen Hill
Cordell,Chason,27,cchasondl@earthlink.net,United States,77293,rojo,Male,281-540-5120,7 Raven Parkway
Kaspar,Kearns,70,kkearnsdm@sourceforge.net,Indonesia,,rojo,Bigender,311-681-8723,5766 Northview Parkway
Ira,Flooks,43,iflooksdn@baidu.com,Albania,,morado,Male,962-538-4181,2 Utah Junction
Caresa,Hackey,22,chackeydo@columbia.edu,Philippines,1444,blanco,Female,822-133-2065,3 Meadow Valley Court
Sonny,Gruszka,79,sgruszkadp@stanford.edu,China,,morado,Female,458-161-1067,8448 Porter Park
Wilton,Headington,68,wheadingtondq@cdc.gov,Portugal,4485-824,negro,Male,164-549-5911,1 Jana Parkway
Ephrayim,Rotge,19,erotgedr@ycombinator.com,Luxembourg,L-8523,azul,Male,447-925-6331,015 7th Center
Humbert,Andino,35,handinods@comsenz.com,Indonesia,,morado,Male,596-327-7147,87212 North Plaza
Aleen,End,22,aenddt@cnbc.com,Indonesia,,amarillo,Female,808-522-0633,20611 Commercial Way
Kala,Whall,41,kwhalldu@redcross.org,Pakistan,52111,morado,Female,625-196-9236,6 Hoard Avenue
Moses,Freyn,19,mfreyndv@ning.com,China,,naranja,Male,281-431-7274,3 Butternut Street
Clement,Althrop,25,calthropdw@omniture.com,Greece,,blanco,Male,457-207-1979,80116 Di Loreto Junction
Mariele,Adnam,29,madnamdx@webeden.co.uk,Ethiopia,,naranja,Female,861-939-6417,2087 Russell Junction
Gamaliel,Rash,36,grashdy@storify.com,Macedonia,1237,rojo,Male,249-143-8639,4245 Stoughton Crossing
Eolanda,Winnett,62,ewinnettdz@indiegogo.com,Ukraine,,blanco,Female,330-185-8629,58 Mitchell Hill
Friederike,Dies,62,fdiese0@pbs.org,Philippines,6041,blanco,Female,879-932-8520,95744 Marquette Terrace
Clerissa,Egiloff,73,cegiloffe1@webeden.co.uk,Ireland,D09,gris,Female,601-396-9935,40 Comanche Lane
Guilbert,Frangione,79,gfrangionee2@google.com.au,Venezuela,,verde,Male,715-670-5293,5 Crowley Park
Clarine,Orth,19,corthe3@meetup.com,Indonesia,,amarillo,Female,604-683-5874,787 Maywood Pass
Gallard,Amiable,62,gamiablee4@netvibes.com,China,,negro,Male,264-225-8633,666 Briar Crest Center
Bonnee,Batts,59,bbattse5@sciencedirect.com,Azerbaijan,,amarillo,Female,335-706-8999,12669 Maple Place
Joel,Trebbett,44,jtrebbette6@printfriendly.com,East Timor,,rosa,Male,244-291-0247,2 West Hill
Fidelio,Megroff,30,fmegroffe7@go.com,Russia,188507,rojo,Male,538-934-5970,40633 Anzinger Point
Reamonn,Hearson,49,rhearsone8@mail.ru,Indonesia,,morado,Male,439-749-2220,302 Portage Crossing
Esma,Rubinchik,19,erubinchike9@cocolog-nifty.com,Czech Republic,747 66,naranja,Female,666-831-6185,79 Calypso Junction
Nannette,Bachellier,82,nbachellierea@tinypic.com,China,,rosa,Female,260-816-0749,86716 Porter Junction
Adolphe,Gingle,53,agingleeb@spotify.com,Lesotho,,azul,Non-binary,184-149-5228,7010 Vernon Terrace
Andy,Ditter,19,aditterec@mlb.com,Philippines,7108,blanco,Female,118-666-1974,542 Morrow Alley
Isidor,Reese,63,ireeseed@bloglines.com,Syria,,rojo,Male,895-175-6658,27502 Bobwhite Lane
Orelee,Lambdin,73,olambdinee@vkontakte.ru,Sweden,756 49,amarillo,Female,320-538-4378,70328 Elmside Way
Em,Phalip,20,ephalipef@goo.gl,Sweden,123 47,azul,Male,580-171-9090,4 Fairfield Circle
Gayle,Romeo,47,gromeoeg@eventbrite.com,Niger,,gris,Female,530-236-1757,326 Buena Vista Pass
Godfrey,Gotcliffe,62,ggotcliffeeh@weibo.com,France,54021 CEDEX,blanco,Male,697-716-7990,2785 Jana Hill
Sergio,Haslin,21,shaslinei@microsoft.com,Mauritius,,morado,Male,549-730-8641,30931 Commercial Way
Cly,Crooks,40,ccrooksej@mysql.com,Japan,870-0106,verde,Non-binary,369-506-3283,0264 1st Road
Stefano,Ambage,85,sambageek@sourceforge.net,Indonesia,,blanco,Male,861-255-7407,651 Elmside Park
Gayelord,Riveles,26,grivelesel@state.tx.us,Indonesia,,gris,Male,556-497-9298,8 Hansons Drive
Margalit,Hatherell,61,mhatherellem@sphinn.com,Mexico,27990,blanco,Female,165-651-2830,75977 Forest Dale Avenue
Ardyth,Dwire,35,adwireen@moonfruit.com,France,67404 CEDEX,gris,Female,188-595-1081,57808 Dapin Plaza
Maressa,Ells,21,mellseo@yahoo.com,China,,rosa,Female,160-919-8491,555 Charing Cross Crossing
Joseito,Lankester,59,jlankesterep@google.it,Sweden,115 37,rojo,Male,262-171-6931,5 Algoma Way
Palm,Laurent,46,plaurenteq@dailymotion.com,Philippines,6217,negro,Male,151-395-1846,53 Stone Corner Hill
Gale,Roberts,55,grobertser@hibu.com,Japan,989-2433,rosa,Polygender,933-936-8650,9495 Fisk Circle
Grant,Ciabatteri,45,gciabatteries@yandex.ru,Colombia,444008,rosa,Male,165-620-7572,27 Summit Center
Jorge,Fumagalli,80,jfumagalliet@ovh.net,China,,rosa,Male,504-421-0760,53 Stone Corner Junction
Jane,Cough,28,jcougheu@multiply.com,Brazil,87390-000,blanco,Female,128-988-9835,46042 Pine View Center
Royal,Heinig,18,rheinigev@dot.gov,Belarus,,morado,Male,376-186-6912,565 Meadow Ridge Pass
Modesty,Charge,48,mchargeew@plala.or.jp,Brazil,47600-000,naranja,Female,553-469-6468,079 Pleasure Point
Ediva,Binden,82,ebindenex@umn.edu,Indonesia,,morado,Female,308-703-3056,8350 Mosinee Junction
Ronni,Deshorts,73,rdeshortsey@buzzfeed.com,Nepal,,negro,Non-binary,515-740-0474,933 Bowman Crossing
Dyanna,Sivill,72,dsivillez@ucsd.edu,China,,morado,Polygender,268-563-4921,499 Lukken Park
Janis,Regus,19,jregusf0@mayoclinic.com,China,,verde,Female,759-133-6640,7 Twin Pines Avenue
Jackelyn,Melmoth,41,jmelmothf1@epa.gov,France,49117 CEDEX,gris,Female,290-529-5839,55450 Heath Terrace
Burl,Lissemore,78,blissemoref2@time.com,China,,gris,Male,295-478-8371,0 Fisk Road
Kath,Rubinlicht,65,krubinlichtf3@google.fr,China,,morado,Bigender,951-719-5210,022 Algoma Drive
Daveta,Jeannenet,68,djeannenetf4@cbsnews.com,China,,rosa,Genderqueer,968-793-2551,57 Haas Terrace
Shandie,Dalyell,65,sdalyellf5@bizjournals.com,Poland,32-622,naranja,Genderfluid,195-505-8840,21 Village Point
Amelia,Lewknor,77,alewknorf6@springer.com,Canada,J1K,morado,Female,208-219-8452,8 Ridgeway Terrace
Winnie,Briatt,38,wbriattf7@nsw.gov.au,Indonesia,,rosa,Male,959-547-9662,317 Columbus Circle
Ferrel,Wanklyn,43,fwanklynf8@smh.com.au,Sudan,,verde,Male,792-297-4188,2 Claremont Junction
Florinda,Bussens,63,fbussensf9@timesonline.co.uk,China,,gris,Female,561-750-2263,131 Dapin Crossing
Archibald,Grunnell,61,agrunnellfa@state.gov,Philippines,8712,gris,Male,535-175-1898,96 Saint Paul Lane
Agace,McGeneay,84,amcgeneayfb@webnode.com,Guinea,,amarillo,Female,601-354-9203,845 Clemons Center
Konstantin,Vedikhov,46,kvedikhovfc@mozilla.com,Vietnam,,naranja,Male,293-999-5512,71061 Park Meadow Circle
Victor,Rowling,36,vrowlingfd@archive.org,China,,naranja,Male,281-340-1767,32977 Meadow Vale Court
Elana,Borman,83,ebormanfe@cam.ac.uk,Russia,141309,rojo,Female,461-370-8176,5 Carberry Hill
Paulie,Broster,49,pbrosterff@fc2.com,Indonesia,,azul,Agender,885-555-8594,355 Lunder Circle
Sela,Finnimore,76,sfinnimorefg@naver.com,Brazil,18190-000,verde,Female,974-781-3774,53 Eliot Point
Carlene,O'Kinneally,53,cokinneallyfh@dropbox.com,Czech Republic,435 43,rosa,Female,975-787-1797,71822 Sullivan Drive
Gardener,Hadigate,48,ghadigatefi@ucsd.edu,China,,rojo,Male,292-777-6860,5893 Lakeland Pass
Enriqueta,Spenceley,26,espenceleyfj@sbwire.com,France,11020 CEDEX,amarillo,Female,757-267-8624,045 Dakota Court
Ruthanne,Seller,58,rsellerfk@uiuc.edu,Netherlands,8904,rojo,Female,344-762-5814,47 Lindbergh Crossing
Lars,Twatt,38,ltwattfl@howstuffworks.com,Indonesia,,rosa,Male,669-187-3163,44673 Bowman Road
Morten,Puddan,28,mpuddanfm@cisco.com,Netherlands,2624,rojo,Male,619-322-7826,142 Lyons Trail
Jacobo,Chucks,41,jchucksfn@uol.com.br,China,,rojo,Male,853-898-2899,290 Spenser Drive
Burgess,Suatt,39,bsuattfo@is.gd,Russia,622012,naranja,Male,336-272-6695,56606 Bultman Lane
Mattias,Aspinell,31,maspinellfp@flavors.me,China,,amarillo,Male,533-851-7981,85 Tony Crossing
Sianna,Steane,19,ssteanefq@hhs.gov,China,,morado,Non-binary,247-143-0678,2168 Northport Drive
Jan,Fairhead,44,jfairheadfr@51.la,South Korea,,rosa,Female,422-626-5157,85 Anthes Circle
Willie,Joy,67,wjoyfs@google.co.jp,Indonesia,,rojo,Female,103-942-5892,623 Loomis Trail
Fey,Rolfi,28,frolfift@businessinsider.com,China,,azul,Female,759-534-3457,5963 Aberg Park
Elyn,Alessandrini,57,ealessandrinifu@etsy.com,Indonesia,,negro,Polygender,254-536-2343,9 Maple Wood Parkway
Karyn,Croston,39,kcrostonfv@hibu.com,Brazil,13290-000,amarillo,Female,179-243-6868,63 Delaware Crossing
Leland,Winspear,62,lwinspearfw@t-online.de,Portugal,4620-378,azul,Male,210-735-4062,4 Loomis Lane
Clemens,Grinval,68,cgrinvalfx@booking.com,France,13425 CEDEX 12,rosa,Male,987-619-0376,38862 Dottie Alley
Nixie,Janowski,70,njanowskify@opensource.org,Venezuela,,naranja,Female,991-199-2058,430 Muir Park
Renate,Paolone,41,rpaolonefz@macromedia.com,Philippines,7115,verde,Female,268-849-6580,4 Clemons Avenue
Liva,Gillott,60,lgillottg0@facebook.com,Philippines,5022,rosa,Female,869-289-3106,28 Eagan Crossing
Arnie,Stronach,80,astronachg1@posterous.com,China,,negro,Male,552-600-3449,32 Sugar Circle
Klemens,Goathrop,54,kgoathropg2@clickbank.net,Russia,692385,gris,Male,461-513-7702,9 Eagle Crest Alley
Allyn,Blight,74,ablightg3@google.ca,Japan,319-1304,gris,Female,657-946-7765,86 Westport Drive
Hephzibah,Riggott,68,hriggottg4@cmu.edu,Burkina Faso,,rosa,Female,950-263-0981,8399 Shoshone Park
Stanley,Hukin,18,shuking5@gmpg.org,Brazil,57200-000,blanco,Male,103-405-3081,3316 Graceland Trail
Anderea,Bigadike,74,abigadikeg6@umich.edu,Greece,,naranja,Female,709-599-7969,7070 Hooker Lane
Normie,Oakman,53,noakmang7@ftc.gov,Thailand,13130,morado,Male,534-966-2129,66710 Independence Road
Inness,Titmuss,77,ititmussg8@soup.io,Canada,N2E,naranja,Male,943-390-4732,26 Forest Crossing
Fleur,O'Driscoll,84,fodriscollg9@imdb.com,Thailand,65170,naranja,Female,922-482-0165,80961 Dovetail Alley
Mireille,Egginton,63,meggintonga@illinois.edu,Portugal,7920-015,rojo,Female,107-992-2597,6 Bashford Road
Annadiana,Kondratenya,64,akondratenyagb@hubpages.com,Hungary,7621,naranja,Female,504-353-8482,175 Petterle Lane
Farrah,Bazley,42,fbazleygc@biglobe.ne.jp,Indonesia,,gris,Agender,529-264-9779,09 Prentice Alley
Susette,Latter,41,slattergd@msu.edu,Germany,12437,rosa,Female,919-652-8047,2583 Union Terrace
Lotte,Blitzer,35,lblitzerge@biglobe.ne.jp,China,,morado,Female,202-935-4774,0516 Bonner Road
Oralee,Gutcher,53,ogutchergf@google.es,United Kingdom,B12,negro,Female,398-263-7310,8040 Carioca Pass
Desirae,Nisot,40,dnisotgg@com.com,France,75547 CEDEX 11,amarillo,Female,961-853-5459,8 Sutteridge Point
Shannon,Barribal,62,sbarribalgh@omniture.com,Cuba,,rosa,Non-binary,721-313-7471,327 Morrow Parkway
Dominique,Chugg,47,dchugggi@nps.gov,Philippines,4612,naranja,Male,909-630-1220,3962 Sycamore Way
Eugine,Aizlewood,23,eaizlewoodgj@mayoclinic.com,Indonesia,,amarillo,Female,824-112-8887,1372 Weeping Birch Lane
Alfredo,Blanchflower,65,ablanchflowergk@cbc.ca,Indonesia,,morado,Male,887-592-9568,24 Lindbergh Parkway
Guendolen,Dan,21,gdangl@netvibes.com,China,,rojo,Female,644-478-5371,6 Pine View Terrace
Felisha,Cuckson,57,fcucksongm@123-reg.co.uk,Canada,H9X,rosa,Female,308-451-4741,434 Union Place
Elisha,Waistall,44,ewaistallgn@economist.com,Honduras,,gris,Male,875-622-1050,0634 Red Cloud Street
Iain,Switsur,71,iswitsurgo@clickbank.net,Sweden,681 84,amarillo,Male,940-792-8765,713 Beilfuss Alley
Cora,Shawe,27,cshawegp@is.gd,Canada,E1W,gris,Female,839-256-3979,3062 Goodland Road
Brnaby,Wellsman,82,bwellsmangq@addthis.com,Guyana,,blanco,Male,822-128-3899,0 Londonderry Trail
Ernestus,Crop,85,ecropgr@comcast.net,China,,rosa,Male,735-710-2932,916 New Castle Hill
Rosemaria,Aimeric,60,raimericgs@google.com.br,China,,morado,Female,827-800-8677,5 5th Circle
Mal,Straine,75,mstrainegt@bluehost.com,South Africa,6671,rojo,Male,310-101-8128,1 Clemons Hill
Benedicta,Punyer,36,bpunyergu@youku.com,Azerbaijan,,verde,Female,546-417-2784,6628 Lawn Point
Florida,Pagan,43,fpagangv@slashdot.org,China,,gris,Female,853-404-3458,2334 Elmside Road
Patton,Snoden,41,psnodengw@rakuten.co.jp,Portugal,4775-074,naranja,Male,494-933-6524,3774 Barnett Trail
Lazaro,Ioannou,41,lioannougx@columbia.edu,Palestinian Territory,,verde,Polygender,292-307-5962,61970 Leroy Center
Thorin,Leyborne,25,tleybornegy@army.mil,China,,rojo,Polygender,934-231-0970,43 Randy Parkway
Amos,Pickthall,35,apickthallgz@cnbc.com,Indonesia,,azul,Male,354-957-5867,5 Lunder Avenue
Shem,Beldham,85,sbeldhamh0@timesonline.co.uk,Russia,352685,morado,Male,861-662-4081,9113 Mandrake Drive
Amabelle,Fetherstone,21,afetherstoneh1@drupal.org,South Korea,,amarillo,Female,711-873-8223,086 Lawn Plaza
Rheba,Summerbell,76,rsummerbellh2@bigcartel.com,China,,morado,Female,165-772-2783,7 Oak Valley Lane
Reine,Di Franceshci,34,rdifranceshcih3@yellowpages.com,Greece,,gris,Female,898-480-6154,89 West Plaza
Dynah,Gilding,31,dgildingh4@eepurl.com,Czech Republic,756 12,rojo,Female,577-990-0079,85 Thierer Drive
Jermaine,Lowndsbrough,78,jlowndsbroughh5@addthis.com,Indonesia,,blanco,Female,266-402-8262,82 Manley Junction
Valene,Grishukov,53,vgrishukovh6@blog.com,Bolivia,,blanco,Female,469-295-4517,73 Sutteridge Point
Emmy,Tape,19,etapeh7@soup.io,France,75853 CEDEX 17,rojo,Female,675-911-9749,1 Claremont Point
Bethena,Berkowitz,45,bberkowitzh8@slate.com,South Africa,4142,naranja,Female,732-999-2003,4 Warbler Trail
Meggy,Tibols,71,mtibolsh9@utexas.edu,China,,morado,Female,259-951-0685,15523 Alpine Way
Trey,Nelius,54,tneliusha@house.gov,Portugal,7900-551,rosa,Male,836-229-8820,82799 Duke Pass
Nickey,Willment,53,nwillmenthb@google.it,Argentina,9121,gris,Male,434-713-2100,19559 Crest Line Avenue
Willie,Rosenstengel,22,wrosenstengelhc@independent.co.uk,Indonesia,,azul,Male,192-408-1469,5158 Sommers Place
Mari,Chiese,61,mchiesehd@dion.ne.jp,Czech Republic,679 53,verde,Female,900-259-9148,235 Forster Court
Andrei,Dooley,64,adooleyhe@webeden.co.uk,China,,rosa,Female,345-498-4479,47254 Mcguire Court
Fernando,Forre,44,fforrehf@cafepress.com,Croatia,20355,negro,Male,482-250-7747,47370 Daystar Terrace
Sarette,Lavery,58,slaveryhg@prweb.com,Russia,460999,gris,Female,360-945-4400,17 Longview Street
Norman,Lewing,66,nlewinghh@cargocollective.com,China,,blanco,Polygender,179-294-2062,70413 Sutteridge Way
Denny,Nobles,66,dnobleshi@who.int,Israel,,negro,Male,151-621-3712,223 Coleman Circle
Imelda,Escala,70,iescalahj@google.ru,Zimbabwe,,negro,Female,296-888-4423,544 Sachs Avenue
Maynord,Pedlow,37,mpedlowhk@nature.com,Belarus,,morado,Male,424-787-3252,5190 Alpine Parkway
Joela,Febvre,31,jfebvrehl@1688.com,Suriname,,gris,Female,423-537-2060,6449 Ronald Regan Avenue
Sigismund,Pampling,58,spamplinghm@prlog.org,Philippines,5507,blanco,Male,134-530-1147,7842 Division Place
Penny,Carvell,78,pcarvellhn@whitehouse.gov,China,,amarillo,Female,797-711-1858,827 Bay Street
Hirsch,Blinckhorne,24,hblinckhorneho@canalblog.com,Indonesia,,naranja,Agender,834-776-9562,777 Lighthouse Bay Crossing
Zebulon,Farrans,85,zfarranshp@github.com,China,,gris,Male,505-132-5228,92 Clyde Gallagher Point
Pembroke,Bollard,59,pbollardhq@nps.gov,Japan,349-1104,morado,Male,945-146-6719,57482 Derek Hill
Flora,Casetti,35,fcasettihr@vkontakte.ru,Russia,309379,morado,Female,262-496-1099,9101 Westerfield Avenue
Sallyanne,Klimowski,55,sklimowskihs@prweb.com,Poland,21-200,azul,Female,518-992-2761,2 Kennedy Crossing
Toby,Greve,35,tgreveht@flickr.com,Russia,359120,azul,Female,628-283-4960,437 Sycamore Terrace
Alasteir,Andras,81,aandrashu@salon.com,Palestinian Territory,,naranja,Male,673-220-7866,16944 Ohio Park
Corinne,Arnaudet,85,carnaudethv@tamu.edu,Nigeria,,amarillo,Female,619-489-7590,42139 Victoria Trail
Shellysheldon,Sherlock,78,ssherlockhw@yahoo.com,Ghana,,amarillo,Male,428-702-3462,90979 Sunnyside Way
Kenton,Hatz,20,khatzhx@is.gd,North Korea,,verde,Male,790-540-1955,75405 Fairfield Park
Alain,Eltringham,24,aeltringhamhy@slideshare.net,France,87090 CEDEX 9,rosa,Male,444-760-3556,2715 Rieder Pass
Loni,Gladeche,67,lgladechehz@twitpic.com,Macedonia,1225,naranja,Female,299-207-4326,48 Lighthouse Bay Alley
Jake,Zima,57,jzimai0@icio.us,China,,negro,Male,804-787-4944,8927 Knutson Circle
Benoite,Alliot,20,ballioti1@un.org,Denmark,1410,negro,Female,113-519-2173,809 Lakeland Center
Noam,Mccaull,45,nmccaulli2@japanpost.jp,Indonesia,,gris,Male,519-432-4140,05820 Londonderry Place
Estelle,Simko,77,esimkoi3@phpbb.com,Russia,623511,blanco,Female,417-148-7891,21 Thompson Parkway
Ivette,Leer,73,ileeri4@blog.com,Indonesia,,verde,Female,666-277-8997,27 Lakewood Gardens Avenue
Cicily,Balding,81,cbaldingi5@europa.eu,Canada,R8A,amarillo,Female,274-118-0938,6269 Mallory Pass
Julian,Flaonier,29,jflaonieri6@apple.com,Mexico,87395,verde,Male,903-523-0036,83 Ridgeway Avenue
Sula,Andrusyak,76,sandrusyaki7@wp.com,Mexico,38542,gris,Female,708-866-0683,4089 Burrows Plaza
Keary,Vicarey,45,kvicareyi8@indiegogo.com,Portugal,5060-569,verde,Male,119-372-2901,561 Maple Wood Crossing
Chaddy,Mellenby,75,cmellenbyi9@whitehouse.gov,Colombia,731027,blanco,Male,450-664-5722,79 Lerdahl Drive
Kevan,Girvan,51,kgirvania@godaddy.com,Russia,164200,azul,Male,445-622-1166,75698 Lake View Park
Ringo,Scrogges,55,rscroggesib@wordpress.org,Yemen,,rosa,Male,296-771-8650,813 Bluestem Alley
Honor,Overnell,51,hovernellic@elegantthemes.com,Germany,20249,blanco,Female,950-262-0878,43804 Jana Court
Codi,Budik,54,cbudikid@tripadvisor.com,Russia,397815,rojo,Polygender,117-133-7131,6419 Merrick Crossing
Gawain,Garci,45,ggarciie@printfriendly.com,Sweden,452 24,rojo,Male,110-150-5996,41 Evergreen Trail
Dionne,Dafter,46,ddafterif@ocn.ne.jp,Morocco,,rojo,Female,137-388-1161,8526 Manitowish Hill
Saree,Ashley,59,sashleyig@deliciousdays.com,China,,morado,Female,997-700-7998,1630 School Parkway
Tomasine,Cortez,23,tcortezih@amazon.co.jp,Russia,665684,naranja,Female,901-487-4304,715 Almo Terrace
Morna,Swynfen,29,mswynfenii@bizjournals.com,China,,azul,Genderqueer,758-497-7668,773 Shopko Avenue
Nikolia,Welbelove,18,nwelbeloveij@delicious.com,Kazakhstan,,verde,Female,582-569-6271,82 Rigney Drive
Ikey,Castellaccio,23,icastellaccioik@ebay.com,Indonesia,,rosa,Male,571-152-1645,74 Meadow Ridge Court
Hermione,Ainsley,76,hainsleyil@de.vu,China,,amarillo,Polygender,631-661-1621,21529 High Crossing Alley
Leyla,Langcastle,53,llangcastleim@booking.com,Indonesia,,blanco,Female,612-838-7919,6 Waxwing Center
Horatio,Rens,45,hrensin@ustream.tv,China,,naranja,Genderqueer,103-897-0414,07 Summer Ridge Crossing
Pascale,McDonell,51,pmcdonellio@boston.com,China,,negro,Male,578-436-9122,35913 Stone Corner Court
Myrwyn,Monan,65,mmonanip@woothemes.com,China,,amarillo,Male,892-216-6960,1676 Schlimgen Place
Kass,Seid,50,kseidiq@imdb.com,Nigeria,,amarillo,Female,100-420-6102,72 6th Way
Jackquelin,Seivertsen,59,jseivertsenir@businessinsider.com,Mali,,rosa,Female,185-202-3628,1294 Mitchell Parkway
Morry,Everit,37,meveritis@hostgator.com,China,,rosa,Male,287-176-0422,97101 Barnett Center
Lavina,Casbourne,85,lcasbourneit@miitbeian.gov.cn,China,,blanco,Female,107-294-2912,8775 Mendota Avenue
Shaw,Boog,22,sboogiu@cargocollective.com,Argentina,5919,blanco,Male,578-682-8232,53 Hermina Road
Aida,Darrington,61,adarringtoniv@shutterfly.com,Argentina,5461,amarillo,Female,731-435-8860,72 Anthes Hill
Matthiew,Drewitt,80,mdrewittiw@goo.gl,Afghanistan,,negro,Male,383-570-4930,79309 Artisan Court
Noll,Rusk,59,nruskix@cbsnews.com,Russia,606640,gris,Male,680-572-6292,21 Forest Crossing
Ulberto,Bonwick,51,ubonwickiy@statcounter.com,Poland,87-220,naranja,Male,400-237-6599,592 John Wall Drive
Peggie,Woodhams,55,pwoodhamsiz@i2i.jp,France,95611 CEDEX,negro,Female,161-970-0732,5 Esker Crossing
Odille,Asker,57,oaskerj0@taobao.com,Serbia,,azul,Female,303-574-1336,40 Riverside Junction
Cesaro,Pic,49,cpicj1@jalbum.net,Poland,26-301,azul,Genderfluid,496-440-4194,652 Farragut Lane
Marylee,Beldan,70,mbeldanj2@delicious.com,Indonesia,,gris,Female,155-300-4800,550 Declaration Junction
Fayth,Burras,52,fburrasj3@webnode.com,Nigeria,,amarillo,Female,695-502-8544,220 Hagan Plaza
Brittani,Guidone,66,bguidonej4@cnn.com,Argentina,5109,blanco,Female,923-112-5329,74803 Village Place
Angelika,Heynen,71,aheynenj5@freewebs.com,Indonesia,,gris,Female,472-186-0004,53 Quincy Lane
Ethel,Burlay,39,eburlayj6@google.pl,Indonesia,,rosa,Female,302-830-4475,3 Talisman Crossing
Brewster,Aukland,61,bauklandj7@biglobe.ne.jp,Moldova,MD-4801,azul,Male,193-807-7713,7160 Stang Terrace
Ruby,Iianon,64,riianonj8@java.com,Gambia,,amarillo,Male,484-258-3459,008 Oak Road
Blinny,Copp,74,bcoppj9@irs.gov,United States,94089,morado,Female,650-525-2668,7 Monument Alley
Beverie,Cuolahan,28,bcuolahanja@timesonline.co.uk,Russia,452778,morado,Female,194-558-0678,25384 Corben Point
Fergus,Colls,25,fcollsjb@google.pl,Malaysia,90716,gris,Male,316-856-7008,81319 Kenwood Park
Phebe,Trowsdale,67,ptrowsdalejc@wix.com,Czech Republic,538 43,rosa,Female,415-465-7030,60 Hudson Parkway
Lorens,Jellett,68,ljellettjd@wp.com,Indonesia,,naranja,Male,358-619-2324,678 Sugar Avenue
Ferne,Natt,69,fnattje@latimes.com,Philippines,1109,rojo,Female,855-620-8254,36 Union Court
Maxi,Jiles,45,mjilesjf@simplemachines.org,Indonesia,,negro,Female,643-919-4230,9 Esker Plaza
Alleen,Ritchley,57,aritchleyjg@weebly.com,France,94636 CEDEX 1,rojo,Female,227-368-2733,17 Sunnyside Junction
Eda,Kinnett,81,ekinnettjh@craigslist.org,Japan,961-0406,rosa,Female,491-618-1733,07275 Burning Wood Junction
Sarina,Folker,53,sfolkerji@ebay.co.uk,Central African Republic,,gris,Female,512-516-4882,320 Pine View Point
Mychal,Allwell,38,mallwelljj@dyndns.org,Sweden,391 84,amarillo,Male,309-715-6440,288 Eggendart Hill
Jo-anne,Vasichev,32,jvasichevjk@noaa.gov,France,92742 CEDEX,rojo,Female,110-941-6462,9445 Prairieview Court
Kellby,Bagehot,82,kbagehotjl@jalbum.net,United States,77095,negro,Male,713-505-3464,53190 Summer Ridge Center
Adel,Heckney,71,aheckneyjm@microsoft.com,China,,verde,Female,325-272-1499,5314 Carey Terrace
Sigfried,Curman,52,scurmanjn@wikimedia.org,Thailand,20150,morado,Male,480-259-7581,8 Waywood Alley
Oralie,Gligorijevic,63,ogligorijevicjo@msn.com,Indonesia,,rojo,Female,188-485-8599,226 Erie Place
Shelbi,Sommerled,64,ssommerledjp@linkedin.com,Faroe Islands,355,amarillo,Female,378-367-6557,0 Mariners Cove Point
Siouxie,Eldershaw,37,seldershawjq@google.com.br,South Africa,2285,verde,Female,916-866-0930,0232 Tomscot Crossing
Aida,Girone,72,agironejr@goo.ne.jp,Guatemala,08006,blanco,Female,259-413-5310,511 Orin Drive
Gardiner,Abramino,36,gabraminojs@guardian.co.uk,Poland,62-709,negro,Male,788-909-1371,47268 Dahle Road
Chris,Caldecutt,37,ccaldecuttjt@rakuten.co.jp,Indonesia,,verde,Male,343-697-9782,2220 Spenser Court
Marilee,Peterkin,39,mpeterkinju@reuters.com,Thailand,83120,rojo,Female,620-416-0797,1506 Mayer Center
Langsdon,Gomery,27,lgomeryjv@ucsd.edu,Indonesia,,azul,Male,137-855-2942,9430 Reindahl Way
Rica,Cronchey,38,rcroncheyjw@independent.co.uk,Indonesia,,blanco,Female,523-503-6194,0 Northfield Drive
Georgetta,Liggins,71,gligginsjx@latimes.com,China,,naranja,Female,120-876-3504,9 John Wall Avenue
Ollie,Turban,38,oturbanjy@mit.edu,Bulgaria,7319,negro,Genderfluid,590-840-8082,95231 8th Junction
Dionne,Lightfoot,20,dlightfootjz@pinterest.com,Russia,184653,blanco,Female,727-982-7782,9 Buell Point
Salomi,Degue,39,sdeguek0@wp.com,Indonesia,,verde,Female,613-722-8785,541 Ohio Lane
Eustace,Antushev,27,eantushevk1@quantcast.com,Brazil,29620-000,gris,Male,993-628-9321,69 Sheridan Plaza
Urbanus,Crooke,24,ucrookek2@addtoany.com,Indonesia,,rosa,Male,902-625-2381,63919 West Alley
Pauly,Dorro,73,pdorrok3@nhs.uk,Indonesia,,naranja,Male,167-286-1404,09 Dexter Pass
Freeland,Giacubo,22,fgiacubok4@constantcontact.com,Philippines,5021,blanco,Bigender,234-262-2714,2 Merrick Plaza
Brad,Possell,52,bpossellk5@purevolume.com,Philippines,5505,gris,Male,632-844-5910,3568 Briar Crest Circle
Claudius,Reddick,23,creddickk6@java.com,China,,naranja,Male,484-763-4049,1983 Haas Lane
Rolph,Huikerby,24,rhuikerbyk7@miibeian.gov.cn,Philippines,1211,verde,Male,361-572-6429,4 Grayhawk Avenue
Nickie,Swin,26,nswink8@php.net,China,,verde,Agender,243-966-5946,93299 Lake View Point
Annabella,Casbon,23,acasbonk9@samsung.com,France,17314 CEDEX,azul,Female,254-654-2311,7549 Lillian Avenue
Mei,Basillon,26,mbasillonka@cloudflare.com,Cambodia,,rosa,Bigender,536-709-6970,81954 Oakridge Crossing
Ardelle,Masham,38,amashamkb@howstuffworks.com,China,,azul,Bigender,135-594-1598,51 Sullivan Crossing
Lars,Daintier,70,ldaintierkc@wikispaces.com,France,75902 CEDEX 15,azul,Male,828-182-4610,708 Stephen Alley
Albie,Nunn,44,anunnkd@naver.com,Russia,356825,negro,Male,300-637-0612,29020 Gulseth Hill
Ajay,Hek,82,ahekke@oracle.com,Belgium,5100,morado,Female,758-631-6441,4700 Northfield Hill
Reggis,Rotherham,71,rrotherhamkf@mtv.com,Albania,,blanco,Male,839-220-3127,4233 Vidon Junction
Townsend,Tanzig,77,ttanzigkg@histats.com,Russia,607614,amarillo,Male,814-200-1894,27 Wayridge Junction
Leon,Licciardi,69,llicciardikh@ezinearticles.com,China,,morado,Male,954-551-8011,569 Lotheville Point
Bevin,Toll,27,btollki@nhs.uk,Philippines,8501,blanco,Male,866-892-3504,61520 Hoepker Pass
Tracie,Yashin,30,tyashinkj@themeforest.net,China,,naranja,Non-binary,991-649-3898,4960 Union Parkway
Marcie,Humpatch,49,mhumpatchkk@ft.com,Bulgaria,7337,gris,Female,139-167-2637,54631 Service Crossing
Carlin,McCarney,21,cmccarneykl@nationalgeographic.com,Albania,,negro,Male,283-954-7390,7898 Scott Park
Marlo,MacCartney,56,mmaccartneykm@gov.uk,China,,blanco,Female,502-871-4409,48660 Buhler Avenue
Callida,Baynom,67,cbaynomkn@bbb.org,China,,morado,Female,266-301-1473,766 Norway Maple Alley
Katleen,Marqyes,77,kmarqyesko@constantcontact.com,Nigeria,,azul,Female,785-462-8009,77 Sunnyside Hill
Jandy,Blakeborough,44,jblakeboroughkp@purevolume.com,France,29327 CEDEX,naranja,Female,783-329-4858,20 Rieder Lane
Tedra,Garric,65,tgarrickq@bizjournals.com,Egypt,,azul,Female,867-632-9260,86 Homewood Terrace
Vania,Boutell,74,vboutellkr@marketwatch.com,Indonesia,,verde,Polygender,225-884-7940,80 Clove Park
Brade,Bellino,58,bbellinoks@mit.edu,Croatia,31000,blanco,Male,998-899-9631,316 Dwight Lane
Darell,Morewood,28,dmorewoodkt@ftc.gov,China,,naranja,Female,509-870-4385,11 Shelley Road
Obadiah,Dureden,80,oduredenku@ocn.ne.jp,Saudi Arabia,,negro,Male,435-858-1465,97 Farmco Place
Stacee,Makey,51,smakeykv@zdnet.com,China,,negro,Male,321-282-3225,3177 Transport Drive
Reed,Upjohn,55,rupjohnkw@i2i.jp,China,,morado,Male,912-707-4600,1 Ridgeway Trail
Daven,Blennerhassett,36,dblennerhassettkx@multiply.com,China,,azul,Male,878-329-4065,70 Elgar Park
Faustina,Glader,44,fgladerky@businessinsider.com,Brazil,62640-000,blanco,Female,248-221-5099,27 Pennsylvania Alley
Viv,Gouthier,30,vgouthierkz@etsy.com,France,14030 CEDEX 4,negro,Female,721-940-7844,23219 Bonner Terrace
Zola,Younghusband,82,zyounghusbandl0@nature.com,United States,97229,rosa,Female,971-490-4785,1 Hollow Ridge Parkway
Hermia,Deboo,36,hdebool1@surveymonkey.com,Syria,,blanco,Female,373-353-1561,28 Blue Bill Park Lane
Cesar,Leonarde,24,cleonardel2@alibaba.com,Ivory Coast,,naranja,Male,469-900-8890,46442 Anhalt Crossing
Laverna,Torrie,42,ltorriel3@walmart.com,Portugal,4960-180,amarillo,Female,409-719-9965,17 Dahle Circle
Rorke,Collumbine,34,rcollumbinel4@illinois.edu,China,,verde,Male,651-743-7939,3769 1st Way
Elyssa,Caldayrou,36,ecaldayroul5@etsy.com,Indonesia,,azul,Female,335-369-2085,53076 Dryden Hill
Cammie,Talks,22,ctalksl6@nymag.com,Peru,,morado,Female,788-444-6847,2 Fisk Point
Bert,Chadwell,66,bchadwelll7@shinystat.com,Thailand,13230,amarillo,Male,432-696-1200,98 Basil Plaza
Carlie,Sweetnam,33,csweetnaml8@wikispaces.com,Honduras,,rosa,Female,456-758-5724,94430 1st Plaza
Consalve,Myles,83,cmylesl9@ebay.com,Cape Verde,,morado,Male,494-289-7159,7764 Havey Lane
Ester,Johananov,47,ejohananovla@ebay.com,Czech Republic,783 47,negro,Female,854-274-8822,48 Morningstar Court
Werner,O'Mahoney,70,womahoneylb@squidoo.com,Armenia,,azul,Male,556-511-5977,060 Banding Center
Nev,Loughan,46,nloughanlc@va.gov,Palestinian Territory,,morado,Male,266-642-0257,81 Dwight Court
Athena,Dalgarno,84,adalgarnold@bloglovin.com,Croatia,48321,negro,Female,458-523-3767,51 Roth Center
Andrus,Emsden,64,aemsdenle@over-blog.com,Sweden,554 52,amarillo,Male,519-943-1056,94200 7th Terrace
Lian,Speaks,81,lspeakslf@livejournal.com,Vietnam,,morado,Female,439-581-6535,60 Rusk Alley
Joli,Hothersall,21,jhothersalllg@parallels.com,France,45045 CEDEX 1,amarillo,Female,596-886-7141,9556 Morningstar Junction
Susanna,Jacketts,52,sjackettslh@sourceforge.net,Russia,658150,naranja,Female,913-946-5881,6 Westridge Point
Gino,Vanner,80,gvannerli@webeden.co.uk,Malaysia,10662,amarillo,Male,724-286-9289,720 Graedel Park
Charo,Minchell,56,cminchelllj@umn.edu,China,,rosa,Female,881-432-5429,66 2nd Court
Michael,Renouf,55,mrenouflk@blogger.com,Lithuania,56001,azul,Male,881-899-0640,931 Sutteridge Point
Lorri,Lutton,57,lluttonll@reuters.com,Indonesia,,naranja,Female,259-239-7601,8 Jay Road
Jeane,Crang,79,jcranglm@technorati.com,Indonesia,,rojo,Female,567-295-9298,7834 Glacier Hill Park
Jerome,Iacovaccio,37,jiacovaccioln@cam.ac.uk,Portugal,6230-636,azul,Agender,811-871-1388,24559 Fisk Drive
Carmela,Yukhov,26,cyukhovlo@blogtalkradio.com,Portugal,2205-105,negro,Female,212-509-4644,02 Waxwing Pass
Brewster,Cliff,63,bclifflp@microsoft.com,Indonesia,,gris,Male,853-485-6108,4 Ludington Parkway
Marilyn,Attenburrow,46,mattenburrowlq@rakuten.co.jp,Indonesia,,morado,Female,864-177-3809,95 Mcbride Court
Weidar,Aronov,24,waronovlr@webs.com,United States,98109,gris,Male,360-299-7734,407 Lake View Junction
Christoffer,Shippard,63,cshippardls@goo.gl,China,,morado,Male,213-416-2555,28666 Daystar Junction
Ettie,Sandeson,59,esandesonlt@miibeian.gov.cn,China,,gris,Female,240-480-3062,01871 Oak Valley Terrace
Matthias,Newport,46,mnewportlu@webs.com,China,,rosa,Male,881-638-4132,486 Norway Maple Park
Ode,Euplate,82,oeuplatelv@homestead.com,Portugal,2825-106,naranja,Male,632-971-9890,17 Washington Road
Dyane,Tallis,59,dtallislw@salon.com,Croatia,20000,blanco,Female,487-913-2558,0452 Moulton Trail
Zoe,Ridger,20,zridgerlx@macromedia.com,Indonesia,,rosa,Female,275-909-7766,159 Summer Ridge Center
Brennen,Wayt,82,bwaytly@ask.com,Ukraine,,rosa,Male,384-989-3800,793 Annamark Way
Flinn,Melluish,63,fmelluishlz@bbc.co.uk,Macedonia,1216,amarillo,Male,901-125-3930,22209 4th Terrace
Kati,Bounds,47,kboundsm0@4shared.com,France,76883 CEDEX,rosa,Genderqueer,892-183-8559,19594 Springview Pass
Ashil,Degnen,77,adegnenm1@opensource.org,Cameroon,,blanco,Female,548-237-1683,922 Grayhawk Center
Hy,Escoffier,69,hescoffierm2@ezinearticles.com,United Kingdom,AB39,negro,Male,841-551-1956,2436 Anderson Terrace
Carrie,Fradgley,64,cfradgleym3@ifeng.com,Bulgaria,6165,blanco,Genderqueer,808-859-7303,3921 Weeping Birch Court
Lotti,Heyns,81,lheynsm4@hostgator.com,Brazil,93800-000,gris,Female,596-697-6462,5 Dahle Trail
Rab,Nickless,64,rnicklessm5@cornell.edu,Ukraine,,morado,Male,714-325-9862,795 Cordelia Terrace
Leslie,de Clerq,64,ldeclerqm6@skyrock.com,Pakistan,95100,gris,Female,987-954-2060,03 Merchant Court
Zollie,Millichap,29,zmillichapm7@hexun.com,Malaysia,79632,blanco,Male,304-524-0872,10082 Walton Pass
Katine,Batteson,48,kbattesonm8@netscape.com,China,,naranja,Polygender,741-931-8976,9470 Upham Parkway
Debera,Balke,21,dbalkem9@geocities.com,Russia,663510,morado,Female,758-105-4378,48179 Pennsylvania Court
Lusa,Scoles,85,lscolesma@networksolutions.com,Poland,82-210,naranja,Female,582-937-0360,0 Dahle Street
Launce,Bowdrey,77,lbowdreymb@imageshack.us,China,,verde,Male,835-942-0492,1796 Fieldstone Place
Allyson,Garfirth,22,agarfirthmc@spotify.com,Indonesia,,morado,Female,768-540-8884,88 Stuart Court
Claudell,Simms,82,csimmsmd@i2i.jp,Thailand,21000,negro,Male,773-489-0519,22 Farragut Trail
Hillary,Edens,75,hedensme@who.int,Bahamas,,blanco,Male,954-679-4578,04055 Dixon Junction
Inessa,Broadnicke,53,ibroadnickemf@craigslist.org,Sweden,151 22,azul,Female,438-502-1213,68 Stuart Circle
Stirling,Fentem,64,sfentemmg@furl.net,France,88099 CEDEX 9,gris,Male,735-214-5198,21 Menomonie Pass
Pascal,Pelchat,39,ppelchatmh@auda.org.au,Japan,960-0752,gris,Male,409-384-7405,7259 Springs Alley
Robinia,Brogi,83,rbrogimi@engadget.com,China,,naranja,Female,152-262-9337,16 Glacier Hill Place
Holli,Carnelley,55,hcarnelleymj@xrea.com,China,,rojo,Female,200-505-0724,975 Dawn Crossing
Luelle,Chastey,59,lchasteymk@dell.com,Poland,36-212,amarillo,Female,258-205-2045,6981 Daystar Lane
Ky,Areles,66,karelesml@zdnet.com,Russia,353245,azul,Male,998-246-7688,095 Warner Avenue
Suzann,Jovicevic,30,sjovicevicmm@alexa.com,Colombia,443049,gris,Female,242-357-6392,776 5th Alley
Hinda,Breinl,64,hbreinlmn@cnbc.com,China,,morado,Female,806-144-6002,15 Tony Street
Adolphe,Petkov,50,apetkovmo@feedburner.com,Indonesia,,gris,Male,147-559-3477,5228 Golf Road
Margaret,Duddin,48,mduddinmp@canalblog.com,France,75729 CEDEX 15,morado,Female,354-637-7064,1258 Messerschmidt Lane
Field,Rideout,74,frideoutmq@smh.com.au,Russia,140093,amarillo,Male,610-526-9773,2 Waxwing Point
Greta,Grishunin,45,ggrishuninmr@globo.com,Peru,,amarillo,Female,844-156-7960,2480 Hintze Way
Irwin,Barcke,54,ibarckems@time.com,Indonesia,,morado,Male,842-157-6334,3996 Hermina Place
Celisse,Luke,85,clukemt@zimbio.com,China,,negro,Female,159-979-1952,0623 Grim Hill
Kristopher,Ravens,75,kravensmu@deviantart.com,China,,negro,Male,190-377-6611,946 Buhler Point
Marrilee,Jarmaine,69,mjarmainemv@cnet.com,Bulgaria,2287,amarillo,Female,160-381-4804,3497 Becker Place
Raymund,Bartleet,58,rbartleetmw@slideshare.net,Colombia,273017,morado,Male,946-325-5387,69 Browning Drive
Nolie,McCready,74,nmccreadymx@ask.com,Poland,36-231,rosa,Bigender,757-179-7773,8679 Manitowish Pass
Bernadina,Goulding,76,bgouldingmy@epa.gov,Sweden,124 64,negro,Female,962-911-9114,101 Melrose Hill
Moise,Butcher,41,mbutchermz@admin.ch,China,,gris,Male,188-467-7010,4025 Moose Crossing
Gusti,McLauchlin,81,gmclauchlinn0@reverbnation.com,Portugal,2450-305,amarillo,Female,696-140-7793,979 Del Mar Junction
Candy,Bloomfield,70,cbloomfieldn1@freewebs.com,Spain,07015,azul,Female,473-365-8951,69 Amoth Court
Katharyn,Delatour,36,kdelatourn2@ebay.com,Argentina,4640,negro,Female,683-297-9415,87911 Delladonna Junction
Torey,Chittey,37,tchitteyn3@dmoz.org,China,,negro,Female,195-582-3911,7975 Northwestern Center
Moria,Stracey,42,mstraceyn4@multiply.com,Pakistan,65031,gris,Female,943-400-2852,12 Schiller Circle
Sal,McGurgan,20,smcgurgann5@ibm.com,Norway,0173,azul,Non-binary,894-484-1217,0438 Ronald Regan Hill
Delia,Pattlel,51,dpattleln6@arstechnica.com,China,,azul,Female,764-973-1674,2 Roth Street
Bessie,Kilgallen,40,bkilgallenn7@craigslist.org,South Africa,4281,amarillo,Female,597-404-2624,14107 Lakeland Point
Kendre,Yardley,48,kyardleyn8@ehow.com,Croatia,21322,azul,Bigender,229-210-3887,42 Meadow Valley Court
Harlie,Wayman,72,hwaymann9@rediff.com,Belize,,verde,Female,380-439-0637,23053 Independence Crossing
Abagael,Hawkings,41,ahawkingsna@msu.edu,Libya,,naranja,Female,343-395-4339,744 Melrose Road
Enrico,Wisdom,37,ewisdomnb@sogou.com,Netherlands,5234,rosa,Male,752-554-8065,38305 Park Meadow Way
Jordan,Giacobbo,30,jgiacobbonc@comcast.net,China,,rosa,Male,686-923-3152,42 Ridgeway Drive
Josee,Ledwith,33,jledwithnd@smh.com.au,Brazil,57160-000,blanco,Female,238-317-8432,0 Lake View Court
Cristal,Philipeau,53,cphilipeaune@g.co,China,,rosa,Female,157-326-6217,888 Carpenter Parkway
Pia,O'Shesnan,49,poshesnannf@freewebs.com,Egypt,,rosa,Female,176-891-5160,95862 Mendota Hill
Maddalena,Toffolo,28,mtoffolong@diigo.com,Brazil,58338-000,amarillo,Female,522-577-7864,41281 Luster Point
Trenna,Chagg,18,tchaggnh@soup.io,Poland,97-410,verde,Female,245-449-6859,739 Banding Lane
Irwin,Antley,47,iantleyni@msn.com,Argentina,5461,rosa,Male,589-460-8354,33107 Superior Plaza
Constantino,Fraschetti,61,cfraschettinj@msu.edu,United States,74108,morado,Male,918-587-2258,1846 Huxley Plaza
Belle,Gooderson,61,bgoodersonnk@wp.com,Iran,,rojo,Female,680-194-6390,1 Summer Ridge Plaza
Richmond,McNamee,72,rmcnameenl@prweb.com,Canada,L6K,morado,Male,299-573-1192,30 Northport Way
Imogen,Sitlington,81,isitlingtonnm@joomla.org,Central African Republic,,amarillo,Female,125-330-5659,2 Holmberg Pass
Ber,Pastor,21,bpastornn@spotify.com,China,,gris,Male,234-250-5354,001 Coolidge Court
Bernard,Oakenfield,44,boakenfieldno@over-blog.com,Bulgaria,2137,azul,Male,276-622-8867,6 Amoth Lane
Conny,Hyman,79,chymannp@tinypic.com,Malaysia,25590,rosa,Male,194-121-3913,1 Montana Pass
Adolf,Vasnetsov,40,avasnetsovnq@ovh.net,Japan,989-2471,blanco,Male,726-234-8808,62 Arizona Hill
Harlie,Ksandra,25,hksandranr@artisteer.com,Mexico,87445,azul,Female,210-963-1440,93 Stephen Plaza
Guenna,Bowler,74,gbowlerns@1und1.de,Greece,,rosa,Female,134-266-5556,9 Sullivan Drive
Tessi,MacMychem,83,tmacmychemnt@tumblr.com,Namibia,,naranja,Female,162-791-6710,52 Hallows Avenue
Alvina,Martugin,50,amartuginnu@liveinternet.ru,Russia,659633,naranja,Female,471-174-0139,1150 Bartelt Circle
Emmet,Imlin,50,eimlinnv@sun.com,Vietnam,,verde,Male,663-867-1285,862 David Place
Rutledge,Jillings,75,rjillingsnw@live.com,Czech Republic,538 62,negro,Male,272-206-7685,4527 Bobwhite Point
Sheppard,Karle,29,skarlenx@virginia.edu,China,,blanco,Male,980-392-6076,80 Mendota Alley
Conrad,Blowing,54,cblowingny@dedecms.com,Philippines,8106,morado,Male,126-318-3965,18505 Toban Center
Ilaire,Boothby,56,iboothbynz@g.co,Portugal,2525-105,amarillo,Male,552-336-7991,4 Acker Park
Bernardine,Lerner,85,blernero0@businessweek.com,China,,blanco,Female,967-833-1697,4 Merry Crossing
Nerte,Brabin,28,nbrabino1@state.tx.us,Indonesia,,negro,Female,698-777-0972,7628 Kinsman Alley
Giacobo,Durie,75,gdurieo2@bandcamp.com,Czech Republic,440 01,morado,Male,964-237-5408,898 Tony Park
Huntley,Hallatt,33,hhallatto3@google.com,Greece,,naranja,Male,281-283-4288,109 Lighthouse Bay Terrace
Port,Satterlee,72,psatterleeo4@flavors.me,Japan,882-1622,naranja,Male,948-311-6699,970 Rockefeller Park
Jordan,McCahill,71,jmccahillo5@pen.io,Nicaragua,,azul,Female,408-454-5510,771 Magdeline Plaza
Dew,Occleshaw,39,doccleshawo6@ustream.tv,Colombia,052448,blanco,Genderqueer,998-332-1269,109 Kinsman Drive
Stearne,Traher,64,strahero7@privacy.gov.au,Philippines,3307,gris,Male,461-598-6060,4 Valley Edge Hill
Elwin,Gruszecki,43,egruszeckio8@dedecms.com,Thailand,72160,morado,Male,466-273-5854,1607 Sundown Terrace
Clifford,Dentith,25,cdentitho9@ocn.ne.jp,China,,negro,Male,194-813-3869,7 Manufacturers Crossing
Fanchette,Gerran,75,fgerranoa@yellowpages.com,France,92509 CEDEX,naranja,Female,892-234-4036,944 Old Shore Pass
Fae,Wegener,26,fwegenerob@wufoo.com,Greece,,verde,Female,437-301-7648,96 Arkansas Parkway
Aeriel,Benko,23,abenkooc@so-net.ne.jp,China,,naranja,Female,597-572-4930,0 Randy Hill
Emanuel,Graver,75,egraverod@guardian.co.uk,China,,azul,Male,222-858-3391,890 Hoepker Center
Jeri,McGooch,38,jmcgoochoe@sphinn.com,Indonesia,,verde,Female,811-462-8959,4 Nevada Drive
Georgia,Pledger,67,gpledgerof@printfriendly.com,Sweden,512 24,amarillo,Female,173-355-6128,0892 Clemons Avenue
Tristam,Lawrence,18,tlawrenceog@ow.ly,Philippines,7109,rojo,Male,781-940-9208,12858 Dryden Pass
Adoree,MacGuigan,73,amacguiganoh@g.co,Micronesia,,naranja,Female,955-410-3408,2 John Wall Hill
Nesta,Weatherhill,20,nweatherhilloi@webnode.com,China,,amarillo,Female,275-899-8376,961 Kim Avenue
Shaughn,Ties,38,stiesoj@storify.com,Malaysia,26040,negro,Male,351-520-3558,42726 Bellgrove Court
Ninnetta,Pfaff,38,npfaffok@whitehouse.gov,Philippines,3808,verde,Female,556-808-8540,26 Kropf Drive
Raye,Byfield,35,rbyfieldol@xinhuanet.com,Egypt,,azul,Female,103-915-8350,8278 Jenifer Crossing
Yale,Vedeniktov,75,yvedeniktovom@t.co,Russia,368160,rojo,Agender,408-709-1504,84197 Columbus Parkway
Wesley,Dennick,38,wdennickon@mayoclinic.com,Nigeria,,morado,Male,933-774-5086,224 Calypso Street
Annabell,Fishbourn,25,afishbournoo@smugmug.com,Czech Republic,671 65,amarillo,Female,330-333-6482,32050 Bellgrove Road
Friedrick,Greve,60,fgreveop@cbsnews.com,Tajikistan,,blanco,Male,915-551-3283,9177 Forest Circle
Caryl,Vasyatkin,36,cvasyatkinoq@telegraph.co.uk,China,,blanco,Male,701-227-9300,13163 Amoth Road
Dorian,Cranny,78,dcrannyor@ca.gov,Russia,196851,morado,Polygender,551-897-1250,82 Eliot Court
Nixie,MacCart,50,nmaccartos@tinypic.com,Poland,38-458,negro,Female,366-373-0256,90 Welch Terrace
Dell,Kirkman,24,dkirkmanot@springer.com,Greece,,verde,Male,735-996-9858,84389 Green Ridge Park
Carly,McGarahan,31,cmcgarahanou@miibeian.gov.cn,Indonesia,,verde,Female,526-278-7470,4255 Veith Way
Philomena,Rumford,64,prumfordov@histats.com,Japan,574-0072,morado,Female,755-675-7809,4 Shopko Park
Brendon,Goghin,64,bgoghinow@goo.gl,Palestinian Territory,,rosa,Agender,383-931-0540,64 8th Parkway
Mariska,Walework,19,mwaleworkox@topsy.com,Mexico,87395,amarillo,Female,259-159-2562,6 Golf Course Avenue
Bernardina,Hounsom,20,bhounsomoy@independent.co.uk,Botswana,,amarillo,Female,783-694-6710,55 Utah Lane
Elberta,Geraldi,49,egeraldioz@liveinternet.ru,Greece,,morado,Female,678-887-3412,42 High Crossing Hill
Trumaine,Ruler,78,trulerp0@odnoklassniki.ru,France,45075 CEDEX 2,morado,Male,500-352-5377,82 Scofield Pass
Jesus,Maryman,53,jmarymanp1@exblog.jp,Malawi,,amarillo,Male,515-792-3761,20 Sheridan Terrace
Steffen,Shetliff,43,sshetliffp2@php.net,Indonesia,,rojo,Male,182-621-9694,2573 Parkside Terrace
Meridel,Trimming,49,mtrimmingp3@usnews.com,Philippines,3811,naranja,Genderqueer,778-911-2775,42434 Kipling Avenue
Brodie,Audas,53,baudasp4@usnews.com,Russia,303461,blanco,Male,452-503-6263,68337 Weeping Birch Street
Derby,Hanner,39,dhannerp5@washingtonpost.com,Portugal,2440-176,morado,Male,961-503-8616,5 Comanche Drive
Davidson,Nuton,28,dnutonp6@so-net.ne.jp,Sri Lanka,10280,amarillo,Male,755-893-5433,30746 Kings Pass
Fran,O'Doogan,43,fodooganp7@cbsnews.com,Russia,238590,rojo,Male,800-842-8488,6 David Street
Laurence,Fox,19,lfoxp8@artisteer.com,Russia,309060,rosa,Male,945-792-0194,910 Butternut Road
Hillery,Gartell,51,hgartellp9@youku.com,Vietnam,,morado,Male,901-336-0605,70 Rieder Drive
Carling,Beevors,21,cbeevorspa@istockphoto.com,Philippines,4324,rojo,Male,848-544-1853,01551 Straubel Alley
Sonni,Dudek,74,sdudekpb@hexun.com,China,,negro,Female,828-741-0984,28 Heffernan Park
Shelby,Baldetti,73,sbaldettipc@mac.com,China,,rosa,Female,356-898-0057,630 Carey Junction
Freddie,Bristowe,19,fbristowepd@dyndns.org,Russia,456470,blanco,Female,253-740-6642,61235 Autumn Leaf Alley
Cheslie,Grishankov,84,cgrishankovpe@phpbb.com,Russia,142817,blanco,Genderqueer,103-396-9004,2 Claremont Pass
Gui,Williscroft,73,gwilliscroftpf@marketwatch.com,Peru,,amarillo,Female,408-922-6643,051 Thackeray Plaza
Kathleen,Chantree,38,kchantreepg@dyndns.org,Portugal,4540-579,rosa,Non-binary,266-433-3897,31149 Briar Crest Pass
Tonie,Spaule,65,tspauleph@bloglines.com,Poland,58-405,morado,Agender,983-288-8601,69273 Butternut Point
Griffin,Tobias,77,gtobiaspi@chron.com,Luxembourg,L-9765,amarillo,Male,905-278-3775,82 Thompson Parkway
Field,Morican,22,fmoricanpj@hp.com,Portugal,2670-335,rojo,Male,715-992-2185,8645 Di Loreto Trail
Maryrose,Emanuelli,77,memanuellipk@twitpic.com,Brazil,38400-000,verde,Female,589-323-1644,327 Hanover Junction
Josiah,Glendining,58,jglendiningpl@xrea.com,Venezuela,,blanco,Male,478-131-2147,51346 Esch Pass
Court,Geare,51,cgearepm@ox.ac.uk,Somalia,,gris,Male,853-866-9211,745 Loomis Avenue
Andreas,Pudan,43,apudanpn@wikia.com,Sweden,691 21,verde,Male,773-187-9525,3 John Wall Crossing
Marline,Spindler,83,mspindlerpo@cbc.ca,Indonesia,,rojo,Female,313-953-4896,93 Oneill Place
Em,Piscopiello,79,episcopiellopp@sbwire.com,China,,rojo,Female,335-794-3082,168 Tony Crossing
Charil,De Micoli,18,cdemicolipq@jimdo.com,Bolivia,,rosa,Female,861-743-3329,013 Anniversary Hill
Marcia,Billany,22,mbillanypr@github.com,China,,rojo,Female,502-571-0036,80379 Dryden Hill
Nissie,Macartney,18,nmacartneyps@tamu.edu,Indonesia,,blanco,Female,187-492-0705,8183 Swallow Trail
Hillyer,Speachley,71,hspeachleypt@cisco.com,China,,rojo,Male,924-307-1217,25256 Transport Parkway
Brewster,Gandey,25,bgandeypu@vistaprint.com,United States,89706,amarillo,Male,775-279-0983,11 Buell Lane
Paulie,Shillabear,76,pshillabearpv@edublogs.org,China,,morado,Female,718-721-9019,71424 Bunker Hill Center
Krispin,Hullins,74,khullinspw@pcworld.com,Spain,15190,rosa,Male,816-785-5750,98337 Oak Valley Point
Marylinda,Lytell,51,mlytellpx@nsw.gov.au,Pakistan,38860,rojo,Female,968-682-2698,77895 Bartillon Crossing
Paddie,Glendza,58,pglendzapy@hp.com,Portugal,4635-133,verde,Male,272-309-9407,8 Redwing Junction
Bird,Burkert,71,bburkertpz@is.gd,Canada,L9Y,azul,Female,145-176-5831,573 Shopko Plaza
Moreen,Seres,51,mseresq0@washingtonpost.com,China,,negro,Female,466-836-8030,1735 Merry Junction
Patin,Boydell,67,pboydellq1@icio.us,China,,naranja,Male,974-274-9180,9834 Utah Lane
Leonard,Vacher,56,lvacherq2@creativecommons.org,Afghanistan,,rojo,Male,688-992-5957,40443 High Crossing Street
Kiri,Esselin,72,kesselinq3@issuu.com,United States,75799,rojo,Female,903-302-9035,785 Southridge Way
Jean,McElroy,33,jmcelroyq4@jugem.jp,Chile,,naranja,Agender,415-250-1446,8 Cardinal Center
Al,Hobden,81,ahobdenq5@tripod.com,Colombia,684517,verde,Male,597-388-2753,4 Morningstar Street
Laurence,Senten,57,lsentenq6@behance.net,China,,negro,Male,387-863-0136,2 Michigan Alley
Shawna,Kernell,71,skernellq7@businessweek.com,Venezuela,,azul,Female,394-429-7081,13976 Golden Leaf Terrace
Leeland,Eliaz,77,leliazq8@taobao.com,Sweden,374 53,verde,Male,148-830-1029,79 Butterfield Drive
Kelcie,Nisbet,65,knisbetq9@spiegel.de,Malaysia,48100,negro,Female,400-348-5235,4 Riverside Junction
Aimee,Doohan,46,adoohanqa@redcross.org,Indonesia,,naranja,Female,732-764-4746,3652 Ridge Oak Pass
Lilah,Elcocks,53,lelcocksqb@techcrunch.com,South Korea,,negro,Genderfluid,970-359-8529,214 Lyons Terrace
Isa,McGrowther,74,imcgrowtherqc@businesswire.com,Philippines,2516,naranja,Genderqueer,857-777-8170,639 Nobel Center
Jemima,Lyosik,85,jlyosikqd@phpbb.com,Austria,3282,negro,Female,287-746-4716,202 Hovde Parkway
Mara,Grimmer,56,mgrimmerqe@slashdot.org,Philippines,3903,morado,Female,935-189-5952,3977 Carberry Parkway
Tine,Donwell,45,tdonwellqf@marriott.com,Russia,309379,morado,Female,852-962-3058,25625 Nancy Place
Batholomew,Draxford,33,bdraxfordqg@ox.ac.uk,Philippines,5505,gris,Male,307-125-7837,393 Lukken Avenue
Talbert,Gilli,41,tgilliqh@addthis.com,Saudi Arabia,,rojo,Male,545-851-8138,13894 Melvin Avenue
Nelly,Guerrieri,33,nguerrieriqi@ning.com,France,84274 CEDEX,morado,Female,718-148-5519,6153 Melby Court
Angele,Keough,28,akeoughqj@dot.gov,Denmark,1240,rojo,Female,113-868-9921,1 Londonderry Hill
Holly,Casperri,31,hcasperriqk@google.ca,Norway,6517,naranja,Male,199-480-7153,42805 Grayhawk Lane
Dill,Batter,60,dbatterql@nifty.com,United States,23504,rosa,Non-binary,757-848-2531,6 Tomscot Plaza
Harmon,Village,60,hvillageqm@creativecommons.org,France,77294 CEDEX,rosa,Male,328-574-4835,56685 Hallows Drive
Gardie,Durnan,22,gdurnanqn@pinterest.com,China,,rojo,Non-binary,691-672-7403,5807 Clove Circle
Elvyn,Tatem,23,etatemqo@reuters.com,China,,blanco,Male,110-388-0236,0 Brown Alley
Erma,Collar,70,ecollarqp@wordpress.org,Croatia,51218,naranja,Female,903-555-5253,0448 Farragut Point
Flemming,Maplestone,39,fmaplestoneqq@weebly.com,China,,morado,Male,534-963-3845,7 Kim Trail
Rosemary,Robbeke,37,rrobbekeqr@webmd.com,Philippines,3905,negro,Female,815-157-6636,395 Columbus Plaza
Alvis,Whetnall,80,awhetnallqs@constantcontact.com,Bangladesh,9202,amarillo,Male,592-241-8148,13 Bultman Way
Christiano,Hintze,73,chintzeqt@apple.com,Brazil,11900-000,morado,Male,937-840-0636,9 Dakota Drive
Tye,Fissenden,67,tfissendenqu@fda.gov,China,,verde,Male,751-812-4680,72 Pleasure Crossing
Hoebart,Gartsyde,62,hgartsydeqv@usda.gov,China,,naranja,Male,110-960-7686,88780 Sheridan Plaza
Alfredo,Playden,83,aplaydenqw@sitemeter.com,Greece,,verde,Agender,906-404-0712,2 Farwell Road
Nance,Sorensen,43,nsorensenqx@is.gd,Portugal,2605-129,azul,Female,371-900-7465,88486 Dakota Parkway
Doreen,Grouen,85,dgrouenqy@amazon.com,Russia,626020,rosa,Female,888-848-3097,66414 Oak Crossing
Rufus,Plait,75,rplaitqz@businesswire.com,China,,verde,Male,775-943-2914,7218 Spohn Way
Linette,Conyard,52,lconyardr0@sciencedaily.com,China,,verde,Female,881-256-4391,28 Rigney Hill
Corry,Cafferty,37,ccaffertyr1@nsw.gov.au,China,,verde,Female,911-918-2544,6866 Express Junction
Tom,Edgson,28,tedgsonr2@shareasale.com,North Korea,,gris,Male,976-896-6525,37 Eliot Plaza
Sadella,Mowne,25,smowner3@tripadvisor.com,Kazakhstan,,naranja,Female,436-468-0272,35687 Sachtjen Circle
Janka,Jesteco,52,jjestecor4@admin.ch,Sweden,937 91,morado,Female,212-128-2462,4974 Brown Terrace
Ianthe,O'Donnell,64,iodonnellr5@gravatar.com,Sweden,437 36,rosa,Female,198-652-9171,3 Manley Drive
Consolata,Laird,84,clairdr6@cnet.com,Philippines,4334,rojo,Female,635-739-8870,619 Springview Point
Constancia,Fowley,58,cfowleyr7@nymag.com,China,,amarillo,Female,848-268-5486,5 Miller Park
Kitty,Coates,79,kcoatesr8@salon.com,China,,azul,Female,419-930-2160,2946 Hovde Junction
Katy,Bichener,30,kbichenerr9@github.io,Nigeria,,rojo,Female,790-211-1842,1 Prentice Crossing
Brigg,Rumens,75,brumensra@friendfeed.com,Portugal,4820-005,amarillo,Male,545-687-2289,0 Lakewood Gardens Alley
Cameron,Tiner,42,ctinerrb@woothemes.com,Thailand,54140,blanco,Male,852-546-4712,6 Warbler Court
Baxie,Dudman,66,bdudmanrc@g.co,Croatia,23275,rojo,Male,505-913-5844,17 Manufacturers Pass
Dannye,Pursey,24,dpurseyrd@spiegel.de,Cameroon,,rojo,Female,490-899-7616,766 Moulton Hill
Denni,Quoit,58,dquoitre@sphinn.com,Indonesia,,gris,Agender,307-908-7416,9 Homewood Parkway
Jarrod,Geere,39,jgeererf@csmonitor.com,China,,azul,Male,310-460-1397,5 International Place
Monty,Haskur,55,mhaskurrg@bloomberg.com,Denmark,1111,amarillo,Male,900-810-3806,9 Spohn Alley
Rooney,Pritty,64,rprittyrh@wunderground.com,Mexico,48203,rojo,Male,124-334-3488,58965 Burning Wood Hill
Franz,Loxley,31,floxleyri@rambler.ru,Philippines,4005,rojo,Male,787-300-0231,70516 Prentice Alley
Onfre,Doxey,62,odoxeyrj@istockphoto.com,China,,blanco,Male,245-558-8313,9 Thackeray Court
Stephana,Parmby,32,sparmbyrk@java.com,China,,negro,Female,811-541-2986,6382 Hoard Circle
Reece,Steptow,64,rsteptowrl@twitpic.com,Ethiopia,,gris,Male,271-756-0956,046 Drewry Place
Herby,Tointon,82,htointonrm@stanford.edu,Czech Republic,503 53,verde,Male,579-969-5609,6 Twin Pines Lane
Emmey,Grzegorecki,84,egrzegoreckirn@newsvine.com,Armenia,,negro,Female,522-850-4529,465 Messerschmidt Road
Galen,Hudleston,72,ghudlestonro@is.gd,Indonesia,,azul,Male,886-904-1839,426 Artisan Center
Judd,Bonnick,38,jbonnickrp@t.co,France,78897 CEDEX,morado,Male,847-341-8243,13175 Eastlawn Trail
Lemuel,Santhouse,62,lsanthouserq@bandcamp.com,Indonesia,,rojo,Genderqueer,263-181-7040,92922 Logan Center
Cahra,Betjeman,33,cbetjemanrr@comsenz.com,China,,rosa,Female,828-785-4150,9 Drewry Hill
